代码,简称,日期,前收盘价(元),开盘价(元),最高价(元),最低价(元),收盘价(元),成交量(股),成交金额(元),涨跌(元),涨跌幅(%),均价(元)
512660.SH,国泰中证军工ETF,2016-08-08,--,0.99,1.02,0.98,1.02,230005798,229587030,--,--,0.9982
512660.SH,国泰中证军工ETF,2016-08-09,1.02,1.01,1.02,1.01,1.02,47488032,48117112,-0.00,-0.0983,1.0132
512660.SH,国泰中证军工ETF,2016-08-10,1.02,1.01,1.02,1.01,1.01,36199625,36870948,-0.00,-0.2953,1.0185
512660.SH,国泰中证军工ETF,2016-08-11,1.01,1.01,1.01,0.99,1.00,22093786,22133596,-0.02,-1.6782,1.0018
512660.SH,国泰中证军工ETF,2016-08-12,1.00,1.00,1.00,0.99,1.00,12558430,12520435,0.00,0.5020,0.9970
512660.SH,国泰中证军工ETF,2016-08-15,1.00,1.00,1.03,1.00,1.02,65948162,67194528,0.02,2.0979,1.0189
512660.SH,国泰中证军工ETF,2016-08-16,1.02,1.02,1.03,1.02,1.03,27983838,28829385,0.01,0.6849,1.0302
512660.SH,国泰中证军工ETF,2016-08-17,1.03,1.03,1.05,1.02,1.04,51712630,53800623,0.01,0.9718,1.0404
512660.SH,国泰中证军工ETF,2016-08-18,1.04,1.04,1.04,1.03,1.03,20721800,21404193,-0.01,-0.5775,1.0329
512660.SH,国泰中证军工ETF,2016-08-19,1.03,1.03,1.03,1.02,1.03,20888900,21493500,-0.00,-0.1936,1.0289
512660.SH,国泰中证军工ETF,2016-08-22,1.03,1.03,1.03,1.00,1.00,31964955,32609168,-0.03,-2.5218,1.0202
512660.SH,国泰中证军工ETF,2016-08-23,1.00,1.01,1.02,1.00,1.01,13677818,13838454,0.01,0.4975,1.0117
512660.SH,国泰中证军工ETF,2016-08-24,1.01,1.01,1.02,1.01,1.02,28168723,28680470,0.01,0.7921,1.0182
512660.SH,国泰中证军工ETF,2016-08-25,1.02,1.01,1.01,1.00,1.01,14952300,15015093,-0.01,-0.7859,1.0042
512660.SH,国泰中证军工ETF,2016-08-26,1.01,1.01,1.02,1.01,1.01,16143564,16410496,0.00,0.1980,1.0165
512660.SH,国泰中证军工ETF,2016-08-29,1.01,1.02,1.03,1.01,1.02,24900466,25420845,0.01,0.5929,1.0209
512660.SH,国泰中证军工ETF,2016-08-30,1.02,1.02,1.03,1.01,1.03,30180849,31010077,0.01,0.8841,1.0275
512660.SH,国泰中证军工ETF,2016-08-31,1.03,1.03,1.03,1.01,1.02,15497111,15821022,-0.00,-0.3895,1.0209
512660.SH,国泰中证军工ETF,2016-09-01,1.02,1.02,1.02,1.01,1.01,24694844,25149806,-0.01,-0.9775,1.0184
512660.SH,国泰中证军工ETF,2016-09-02,1.01,1.01,1.01,1.00,1.00,31864700,31982349,-0.01,-1.1846,1.0037
512660.SH,国泰中证军工ETF,2016-09-05,1.00,1.00,1.01,1.00,1.00,19958160,20051567,0.00,0.1998,1.0047
512660.SH,国泰中证军工ETF,2016-09-06,1.00,1.00,1.01,0.99,1.01,22102645,22182544,0.01,0.8973,1.0036
512660.SH,国泰中证军工ETF,2016-09-07,1.01,1.01,1.03,1.01,1.02,45252245,46227488,0.01,0.6917,1.0216
512660.SH,国泰中证军工ETF,2016-09-08,1.02,1.01,1.02,1.01,1.02,14551545,14818161,0.00,0.0981,1.0183
512660.SH,国泰中证军工ETF,2016-09-09,1.02,1.02,1.03,1.02,1.02,12619600,12886893,-0.00,-0.1961,1.0212
512660.SH,国泰中证军工ETF,2016-09-12,1.02,1.01,1.01,0.99,0.99,48813800,48662246,-0.03,-2.5540,0.9969
512660.SH,国泰中证军工ETF,2016-09-13,0.99,0.99,1.00,0.99,0.99,11694500,11573978,0.00,0.2016,0.9897
512660.SH,国泰中证军工ETF,2016-09-14,0.99,0.99,0.99,0.98,0.99,13952500,13771276,-0.01,-0.7042,0.9870
512660.SH,国泰中证军工ETF,2016-09-19,0.99,0.99,0.99,0.99,0.99,12028400,11911356,0.01,0.5066,0.9903
512660.SH,国泰中证军工ETF,2016-09-20,0.99,0.99,0.99,0.98,0.99,11090258,10934959,-0.01,-0.6048,0.9860
512660.SH,国泰中证军工ETF,2016-09-21,0.99,0.99,0.99,0.98,0.99,16981160,16775979,0.00,0.3043,0.9879
512660.SH,国泰中证军工ETF,2016-09-22,0.99,0.99,0.99,0.99,0.99,11750500,11646511,0.00,0.1011,0.9912
512660.SH,国泰中证军工ETF,2016-09-23,0.99,0.99,0.99,0.99,0.99,11460400,11318997,-0.00,-0.3030,0.9877
512660.SH,国泰中证军工ETF,2016-09-26,0.99,0.99,0.99,0.96,0.96,16059900,15627821,-0.03,-2.5329,0.9731
512660.SH,国泰中证军工ETF,2016-09-27,0.96,0.96,0.96,0.95,0.96,17766600,17018406,0.00,0.1040,0.9579
512660.SH,国泰中证军工ETF,2016-09-28,0.96,0.96,0.97,0.96,0.96,9051171,8739632,0.00,0.2077,0.9656
512660.SH,国泰中证军工ETF,2016-09-29,0.96,0.97,0.97,0.96,0.97,7180100,6946255,0.00,0.1036,0.9674
512660.SH,国泰中证军工ETF,2016-09-30,0.97,0.96,0.97,0.96,0.97,6128500,5945786,0.01,0.5176,0.9702
512660.SH,国泰中证军工ETF,2016-10-10,0.97,0.98,1.00,0.97,1.00,18959000,18762253,0.03,2.5747,0.9896
512660.SH,国泰中证军工ETF,2016-10-11,1.00,1.00,1.01,1.00,1.01,18064000,18179000,0.01,1.1044,1.0064
512660.SH,国泰中证军工ETF,2016-10-12,1.01,1.01,1.01,1.00,1.01,8043412,8076032,-0.00,-0.0993,1.0041
512660.SH,国泰中证军工ETF,2016-10-13,1.01,1.00,1.01,1.00,1.01,12452400,12541178,0.00,0.0000,1.0071
512660.SH,国泰中证军工ETF,2016-10-14,1.01,1.01,1.01,0.99,1.01,13008000,13011828,0.00,0.0000,1.0003
512660.SH,国泰中证军工ETF,2016-10-17,1.01,1.01,1.01,0.99,0.99,18744600,18796087,-0.01,-1.3917,1.0027
512660.SH,国泰中证军工ETF,2016-10-18,0.99,0.99,1.00,0.99,1.00,12360800,12344909,0.01,1.3105,0.9987
512660.SH,国泰中证军工ETF,2016-10-19,1.00,1.00,1.01,1.00,1.01,28323200,28558910,0.00,0.2985,1.0083
512660.SH,国泰中证军工ETF,2016-10-20,1.01,1.01,1.01,1.01,1.01,29107200,29471625,-0.00,-0.0992,1.0125
512660.SH,国泰中证军工ETF,2016-10-21,1.01,1.01,1.01,1.00,1.01,10243600,10285736,-0.00,-0.0993,1.0041
512660.SH,国泰中证军工ETF,2016-10-24,1.01,1.01,1.01,1.00,1.01,18047600,18255346,0.01,0.7952,1.0115
512660.SH,国泰中证军工ETF,2016-10-25,1.01,1.01,1.02,1.01,1.01,16260100,16437958,-0.00,-0.1972,1.0109
512660.SH,国泰中证军工ETF,2016-10-26,1.01,1.01,1.01,1.00,1.00,11365275,11426768,-0.01,-0.6917,1.0054
512660.SH,国泰中证军工ETF,2016-10-27,1.00,1.00,1.01,1.00,1.00,26579200,26721040,0.00,0.0000,1.0053
512660.SH,国泰中证军工ETF,2016-10-28,1.00,1.00,1.01,1.00,1.00,23529100,23581123,-0.01,-0.6965,1.0022
512660.SH,国泰中证军工ETF,2016-10-31,1.00,1.00,1.00,0.99,0.99,15766400,15691009,-0.00,-0.3006,0.9952
512660.SH,国泰中证军工ETF,2016-11-01,0.99,1.00,1.00,0.99,1.00,19630700,19588216,0.00,0.3015,0.9978
512660.SH,国泰中证军工ETF,2016-11-02,1.00,1.00,1.00,0.99,0.99,16681500,16620378,-0.00,-0.4008,0.9963
512660.SH,国泰中证军工ETF,2016-11-03,0.99,0.99,1.00,0.99,1.00,25753899,25695739,0.00,0.2012,0.9977
512660.SH,国泰中证军工ETF,2016-11-04,1.00,1.00,1.00,0.99,0.99,19302299,19149763,-0.01,-0.7028,0.9921
512660.SH,国泰中证军工ETF,2016-11-07,0.99,0.99,0.99,0.98,0.98,11900700,11742697,-0.00,-0.4044,0.9867
512660.SH,国泰中证军工ETF,2016-11-08,0.98,0.99,0.99,0.99,0.99,15847100,15694492,0.01,0.6091,0.9904
512660.SH,国泰中证军工ETF,2016-11-09,0.99,0.99,0.99,0.97,0.98,15753800,15503021,-0.01,-0.9082,0.9841
512660.SH,国泰中证军工ETF,2016-11-10,0.98,0.98,0.99,0.98,0.99,13986780,13873211,0.01,1.2220,0.9919
512660.SH,国泰中证军工ETF,2016-11-11,0.99,0.99,1.00,0.99,1.00,17171688,17063246,0.00,0.4024,0.9937
512660.SH,国泰中证军工ETF,2016-11-14,1.00,1.00,1.01,1.00,1.00,15711100,15758181,0.01,0.7014,1.0030
512660.SH,国泰中证军工ETF,2016-11-15,1.00,1.00,1.01,1.00,1.00,15411639,15457108,0.00,0.0000,1.0030
512660.SH,国泰中证军工ETF,2016-11-16,1.00,1.00,1.01,1.00,1.00,15393049,15478614,-0.00,-0.1990,1.0056
512660.SH,国泰中证军工ETF,2016-11-17,1.00,1.00,1.01,1.00,1.01,17699900,17766176,0.00,0.3988,1.0037
512660.SH,国泰中证军工ETF,2016-11-18,1.01,1.00,1.01,1.00,1.00,15680081,15790051,-0.00,-0.3972,1.0070
512660.SH,国泰中证军工ETF,2016-11-21,1.00,1.00,1.01,1.00,1.00,15941200,16013030,0.00,0.0997,1.0045
512660.SH,国泰中证军工ETF,2016-11-22,1.00,1.00,1.01,1.00,1.01,17800300,17894447,0.00,0.3984,1.0053
512660.SH,国泰中证军工ETF,2016-11-23,1.01,1.01,1.02,1.01,1.01,22475393,22736082,0.00,0.2976,1.0116
512660.SH,国泰中证军工ETF,2016-11-24,1.01,1.01,1.01,1.00,1.00,18034492,18111943,-0.01,-1.0880,1.0043
512660.SH,国泰中证军工ETF,2016-11-25,1.00,1.00,1.01,0.99,1.01,16273147,16276656,0.01,0.7000,1.0002
512660.SH,国泰中证军工ETF,2016-11-28,1.01,1.01,1.01,1.01,1.01,15003200,15145065,0.00,0.0993,1.0095
512660.SH,国泰中证军工ETF,2016-11-29,1.01,1.01,1.02,1.01,1.01,18358933,18629926,0.01,0.5952,1.0148
512660.SH,国泰中证军工ETF,2016-11-30,1.01,1.01,1.01,1.00,1.00,16347254,16449139,-0.01,-0.8876,1.0062
512660.SH,国泰中证军工ETF,2016-12-01,1.00,1.01,1.02,1.01,1.02,15125853,15391606,0.01,1.1940,1.0176
512660.SH,国泰中证军工ETF,2016-12-02,1.02,1.02,1.02,1.00,1.00,14907000,15024926,-0.01,-1.3766,1.0079
512660.SH,国泰中证军工ETF,2016-12-05,1.00,1.00,1.02,0.99,1.00,15526200,15672849,0.00,0.0997,1.0094
512660.SH,国泰中证军工ETF,2016-12-06,1.00,1.00,1.01,1.00,1.01,11506175,11583459,0.00,0.2988,1.0067
512660.SH,国泰中证军工ETF,2016-12-07,1.01,1.01,1.02,1.00,1.02,16067300,16231498,0.01,1.2910,1.0102
512660.SH,国泰中证军工ETF,2016-12-08,1.02,1.02,1.02,1.00,1.00,15050800,15199688,-0.02,-1.4706,1.0099
512660.SH,国泰中证军工ETF,2016-12-09,1.00,1.00,1.01,1.00,1.00,16330000,16338004,-0.00,-0.3980,1.0005
512660.SH,国泰中证军工ETF,2016-12-12,1.00,1.00,1.00,0.95,0.96,21730500,21267034,-0.04,-4.0959,0.9787
512660.SH,国泰中证军工ETF,2016-12-13,0.96,0.96,0.98,0.96,0.97,13522451,13053706,0.01,1.2500,0.9653
512660.SH,国泰中证军工ETF,2016-12-14,0.97,0.97,0.99,0.96,0.98,12875679,12598412,0.01,0.6173,0.9785
512660.SH,国泰中证军工ETF,2016-12-15,0.98,0.97,1.00,0.97,0.99,17641879,17522951,0.01,0.9202,0.9933
512660.SH,国泰中证军工ETF,2016-12-16,0.99,0.99,0.99,0.98,0.98,10358916,10185761,-0.00,-0.3040,0.9833
512660.SH,国泰中证军工ETF,2016-12-19,0.98,0.98,0.99,0.98,0.98,10293200,10081870,-0.00,-0.3049,0.9795
512660.SH,国泰中证军工ETF,2016-12-20,0.98,0.98,0.98,0.97,0.97,13784100,13430707,-0.01,-0.6116,0.9744
512660.SH,国泰中证军工ETF,2016-12-21,0.97,0.98,1.00,0.98,0.99,15391700,15193384,0.02,1.7436,0.9871
512660.SH,国泰中证军工ETF,2016-12-22,0.99,0.99,0.99,0.99,0.99,13206951,13087003,0.00,0.0000,0.9909
512660.SH,国泰中证军工ETF,2016-12-23,0.99,0.99,1.00,0.99,0.99,12591198,12525658,-0.00,-0.2016,0.9948
512660.SH,国泰中证军工ETF,2016-12-26,0.99,0.99,0.99,0.97,0.99,12398498,12181917,0.00,0.2020,0.9825
512660.SH,国泰中证军工ETF,2016-12-27,0.99,0.99,0.99,0.99,0.99,10120800,10023456,-0.00,-0.4032,0.9904
512660.SH,国泰中证军工ETF,2016-12-28,0.99,0.99,0.99,0.98,0.98,16627567,16426112,-0.00,-0.3036,0.9879
512660.SH,国泰中证军工ETF,2016-12-29,0.98,0.98,0.99,0.98,0.98,13022567,12801191,-0.00,-0.1015,0.9830
512660.SH,国泰中证军工ETF,2016-12-30,0.98,0.98,0.98,0.98,0.98,11806600,11578931,-0.01,-0.6098,0.9807
512660.SH,国泰中证军工ETF,2017-01-03,0.98,0.98,1.00,0.98,1.00,20997300,20980619,0.03,2.6585,0.9992
512660.SH,国泰中证军工ETF,2017-01-04,1.00,1.00,1.01,1.00,1.01,10507664,10591667,0.01,0.8964,1.0080
512660.SH,国泰中证军工ETF,2017-01-05,1.01,1.01,1.03,1.01,1.02,30120700,30642126,0.01,1.0859,1.0173
512660.SH,国泰中证军工ETF,2017-01-06,1.02,1.02,1.03,1.02,1.02,15057484,15400022,-0.01,-0.6836,1.0227
512660.SH,国泰中证军工ETF,2017-01-09,1.02,1.02,1.05,1.01,1.05,26096638,27065696,0.03,3.0482,1.0371
512660.SH,国泰中证军工ETF,2017-01-10,1.05,1.05,1.05,1.03,1.03,21233129,22128954,-0.01,-1.2405,1.0422
512660.SH,国泰中证军工ETF,2017-01-11,1.03,1.04,1.05,1.03,1.04,12654729,13141985,0.00,0.0966,1.0385
512660.SH,国泰中证军工ETF,2017-01-12,1.04,1.04,1.04,1.02,1.02,12074220,12386777,-0.02,-1.4479,1.0259
512660.SH,国泰中证军工ETF,2017-01-13,1.02,1.02,1.03,1.00,1.01,14757100,14999229,-0.01,-1.0774,1.0164
512660.SH,国泰中证军工ETF,2017-01-16,1.01,1.01,1.01,0.95,0.98,31853829,31268343,-0.03,-2.8713,0.9816
512660.SH,国泰中证军工ETF,2017-01-17,0.98,0.98,1.00,0.97,1.00,19812300,19546467,0.02,1.5291,0.9866
512660.SH,国泰中证军工ETF,2017-01-18,1.00,0.99,1.00,0.99,0.99,8754800,8711616,-0.00,-0.4016,0.9951
512660.SH,国泰中证军工ETF,2017-01-19,0.99,0.99,0.99,0.98,0.98,8794500,8654062,-0.01,-1.1089,0.9840
512660.SH,国泰中证军工ETF,2017-01-20,0.98,0.98,1.00,0.98,0.99,11702600,11608495,0.01,1.4271,0.9920
512660.SH,国泰中证军工ETF,2017-01-23,0.99,1.00,1.02,1.00,1.01,14172800,14372043,0.02,1.8090,1.0141
512660.SH,国泰中证军工ETF,2017-01-24,1.01,1.01,1.01,1.00,1.01,10663974,10764252,-0.00,-0.4936,1.0094
512660.SH,国泰中证军工ETF,2017-01-25,1.01,1.01,1.01,1.00,1.01,11378200,11449402,0.00,0.0000,1.0063
512660.SH,国泰中证军工ETF,2017-01-26,1.01,1.01,1.02,1.01,1.02,11383400,11553802,0.01,1.0913,1.0150
512660.SH,国泰中证军工ETF,2017-02-03,1.02,1.02,1.03,1.01,1.02,8836100,9042515,0.00,0.3925,1.0234
512660.SH,国泰中证军工ETF,2017-02-06,1.02,1.02,1.03,1.02,1.03,14157240,14522485,0.01,0.9775,1.0258
512660.SH,国泰中证军工ETF,2017-02-07,1.03,1.03,1.03,1.02,1.02,11096900,11347177,-0.01,-0.9681,1.0226
512660.SH,国泰中证军工ETF,2017-02-08,1.02,1.02,1.04,1.02,1.04,14716400,15205681,0.02,1.9550,1.0332
512660.SH,国泰中证军工ETF,2017-02-09,1.04,1.04,1.04,1.04,1.04,10480900,10908243,0.00,0.0000,1.0408
512660.SH,国泰中证军工ETF,2017-02-10,1.04,1.04,1.04,1.03,1.04,11565600,12002077,-0.01,-0.6711,1.0377
512660.SH,国泰中证军工ETF,2017-02-13,1.04,1.04,1.04,1.03,1.04,10519500,10885590,0.00,0.0965,1.0348
512660.SH,国泰中证军工ETF,2017-02-14,1.04,1.04,1.04,1.03,1.03,10285200,10638571,-0.00,-0.2893,1.0344
512660.SH,国泰中证军工ETF,2017-02-15,1.03,1.03,1.03,1.02,1.02,13744100,14051542,-0.01,-1.3540,1.0224
512660.SH,国泰中证军工ETF,2017-02-16,1.02,1.02,1.03,1.02,1.02,12944300,13252985,0.00,0.4902,1.0238
512660.SH,国泰中证军工ETF,2017-02-17,1.02,1.02,1.03,1.02,1.03,15093140,15530510,0.01,0.5854,1.0290
512660.SH,国泰中证军工ETF,2017-02-20,1.03,1.03,1.04,1.03,1.04,11756664,12149742,0.01,0.6790,1.0334
512660.SH,国泰中证军工ETF,2017-02-21,1.04,1.03,1.04,1.03,1.04,12738864,13193398,0.00,0.2890,1.0357
512660.SH,国泰中证军工ETF,2017-02-22,1.04,1.04,1.04,1.03,1.04,8585633,8902906,-0.00,-0.3842,1.0370
512660.SH,国泰中证军工ETF,2017-02-23,1.04,1.03,1.04,1.03,1.03,8487600,8744217,-0.01,-0.5786,1.0302
512660.SH,国泰中证军工ETF,2017-02-24,1.03,1.03,1.04,1.03,1.04,11315100,11736282,0.01,0.9699,1.0372
512660.SH,国泰中证军工ETF,2017-02-27,1.04,1.04,1.04,1.03,1.03,10369400,10738487,-0.01,-0.8646,1.0356
512660.SH,国泰中证军工ETF,2017-02-28,1.03,1.03,1.04,1.03,1.03,11590900,11981745,0.00,0.2907,1.0337
512660.SH,国泰中证军工ETF,2017-03-01,1.03,1.03,1.05,1.03,1.04,9680334,10103284,0.01,0.8696,1.0437
512660.SH,国泰中证军工ETF,2017-03-02,1.04,1.04,1.05,1.04,1.04,12145834,12629766,-0.01,-0.6705,1.0398
512660.SH,国泰中证军工ETF,2017-03-03,1.04,1.04,1.05,1.03,1.04,9687000,10107934,0.01,0.5786,1.0435
512660.SH,国泰中证军工ETF,2017-03-06,1.04,1.04,1.06,1.04,1.06,14564734,15319913,0.01,1.3423,1.0518
512660.SH,国泰中证军工ETF,2017-03-07,1.06,1.06,1.06,1.05,1.05,11130400,11714842,-0.00,-0.2838,1.0525
512660.SH,国泰中证军工ETF,2017-03-08,1.05,1.05,1.07,1.05,1.06,14951900,15878568,0.00,0.2846,1.0620
512660.SH,国泰中证军工ETF,2017-03-09,1.06,1.06,1.06,1.04,1.05,9805800,10267827,-0.01,-1.0407,1.0471
512660.SH,国泰中证军工ETF,2017-03-10,1.05,1.04,1.05,1.04,1.04,9085700,9478537,-0.01,-0.5736,1.0432
512660.SH,国泰中证军工ETF,2017-03-13,1.04,1.04,1.05,1.04,1.05,9006600,9425440,0.01,0.8654,1.0465
512660.SH,国泰中证军工ETF,2017-03-14,1.05,1.05,1.05,1.05,1.05,10859300,11400951,-0.00,-0.0953,1.0499
512660.SH,国泰中证军工ETF,2017-03-15,1.05,1.05,1.05,1.04,1.04,9872230,10285365,-0.01,-0.6679,1.0418
512660.SH,国泰中证军工ETF,2017-03-16,1.04,1.04,1.05,1.04,1.05,11235900,11756690,0.01,0.8646,1.0464
512660.SH,国泰中证军工ETF,2017-03-17,1.05,1.05,1.05,1.04,1.04,13087000,13744691,-0.01,-0.7619,1.0503
512660.SH,国泰中证军工ETF,2017-03-20,1.04,1.04,1.04,1.03,1.04,9610437,9978914,-0.00,-0.0960,1.0383
512660.SH,国泰中证军工ETF,2017-03-21,1.04,1.04,1.04,1.04,1.04,9784400,10158922,-0.00,-0.0961,1.0383
512660.SH,国泰中证军工ETF,2017-03-22,1.04,1.04,1.04,1.03,1.03,12315000,12704123,-0.01,-1.0577,1.0316
512660.SH,国泰中证军工ETF,2017-03-23,1.03,1.03,1.04,1.02,1.04,17581134,18152932,0.01,0.6803,1.0325
512660.SH,国泰中证军工ETF,2017-03-24,1.04,1.03,1.04,1.03,1.04,11404750,11818143,0.00,0.4826,1.0362
512660.SH,国泰中证军工ETF,2017-03-27,1.04,1.04,1.05,1.04,1.05,10185600,10646752,0.01,0.5764,1.0453
512660.SH,国泰中证军工ETF,2017-03-28,1.05,1.05,1.05,1.04,1.04,8294700,8667296,-0.00,-0.3820,1.0449
512660.SH,国泰中证军工ETF,2017-03-29,1.04,1.04,1.05,1.04,1.04,8654688,9044349,0.00,0.0000,1.0450
512660.SH,国泰中证军工ETF,2017-03-30,1.04,1.04,1.04,1.02,1.02,10721500,11036007,-0.02,-1.8217,1.0293
512660.SH,国泰中证军工ETF,2017-03-31,1.02,1.02,1.05,1.02,1.04,11127500,11595395,0.02,1.9531,1.0420
512660.SH,国泰中证军工ETF,2017-04-05,1.04,1.04,1.06,1.04,1.06,10637700,11183085,0.01,1.3410,1.0513
512660.SH,国泰中证军工ETF,2017-04-06,1.06,1.05,1.06,1.05,1.06,8527700,9018531,-0.00,-0.0945,1.0576
512660.SH,国泰中证军工ETF,2017-04-07,1.06,1.06,1.08,1.06,1.07,10808200,11561389,0.01,1.2299,1.0697
512660.SH,国泰中证军工ETF,2017-04-10,1.07,1.09,1.10,1.06,1.07,29937800,32101667,0.00,0.1869,1.0723
512660.SH,国泰中证军工ETF,2017-04-11,1.07,1.08,1.13,1.07,1.12,45794300,50614345,0.05,4.2910,1.1053
512660.SH,国泰中证军工ETF,2017-04-12,1.12,1.13,1.15,1.10,1.10,105429200,117590505,-0.01,-1.2522,1.1154
512660.SH,国泰中证军工ETF,2017-04-13,1.10,1.09,1.10,1.09,1.09,20685400,22639181,-0.01,-0.8152,1.0945
512660.SH,国泰中证军工ETF,2017-04-14,1.09,1.10,1.11,1.08,1.08,33222760,36389747,-0.01,-1.0046,1.0953
512660.SH,国泰中证军工ETF,2017-04-17,1.08,1.08,1.08,1.05,1.05,22291260,23599160,-0.03,-2.8598,1.0587
512660.SH,国泰中证军工ETF,2017-04-18,1.05,1.05,1.06,1.04,1.04,18550900,19518723,-0.01,-0.8547,1.0522
512660.SH,国泰中证军工ETF,2017-04-19,1.04,1.05,1.05,1.02,1.03,22667200,23358160,-0.02,-1.5326,1.0305
512660.SH,国泰中证军工ETF,2017-04-20,1.03,1.03,1.03,1.01,1.02,16596600,16987584,-0.00,-0.2918,1.0236
512660.SH,国泰中证军工ETF,2017-04-21,1.02,1.03,1.03,1.01,1.01,20578100,21001127,-0.01,-0.9756,1.0206
512660.SH,国泰中证军工ETF,2017-04-24,1.01,1.02,1.02,0.99,0.99,29549600,29453077,-0.03,-2.6601,0.9967
512660.SH,国泰中证军工ETF,2017-04-25,0.99,0.99,1.00,0.97,1.00,23988100,23700642,0.01,0.9109,0.9880
512660.SH,国泰中证军工ETF,2017-04-26,1.00,1.00,1.00,0.98,0.99,23558900,23341054,-0.01,-1.0030,0.9908
512660.SH,国泰中证军工ETF,2017-04-27,0.99,0.99,0.99,0.95,0.98,41582000,40274206,-0.01,-0.8105,0.9685
512660.SH,国泰中证军工ETF,2017-04-28,0.98,0.98,0.99,0.98,0.99,17389200,17073351,0.01,0.8172,0.9818
512660.SH,国泰中证军工ETF,2017-05-02,0.99,0.99,0.99,0.98,0.98,8864600,8675454,-0.01,-0.8105,0.9787
512660.SH,国泰中证军工ETF,2017-05-03,0.98,0.98,0.99,0.97,0.98,11112300,10884483,0.00,0.2043,0.9795
512660.SH,国泰中证军工ETF,2017-05-04,0.98,0.98,0.98,0.96,0.96,11415700,11065001,-0.02,-1.6310,0.9693
512660.SH,国泰中证军工ETF,2017-05-05,0.96,0.96,0.97,0.94,0.94,24116600,22938216,-0.03,-2.6943,0.9511
512660.SH,国泰中证军工ETF,2017-05-08,0.94,0.94,0.94,0.90,0.90,21659900,19838551,-0.04,-3.8339,0.9159
512660.SH,国泰中证军工ETF,2017-05-09,0.90,0.90,0.91,0.90,0.91,18233000,16471623,0.01,0.8859,0.9034
512660.SH,国泰中证军工ETF,2017-05-10,0.91,0.91,0.91,0.88,0.88,20007400,17949569,-0.03,-3.1833,0.8971
512660.SH,国泰中证军工ETF,2017-05-11,0.88,0.88,0.88,0.85,0.88,24374500,21166302,-0.01,-0.6803,0.8684
512660.SH,国泰中证军工ETF,2017-05-12,0.88,0.87,0.88,0.87,0.87,13846200,12073184,-0.01,-0.5708,0.8719
512660.SH,国泰中证军工ETF,2017-05-15,0.87,0.87,0.89,0.87,0.88,13577800,11960357,0.01,0.6889,0.8809
512660.SH,国泰中证军工ETF,2017-05-16,0.88,0.88,0.89,0.86,0.89,21464200,18746784,0.01,1.3683,0.8734
512660.SH,国泰中证军工ETF,2017-05-17,0.89,0.89,0.90,0.89,0.90,19242600,17251271,0.01,0.8999,0.8965
512660.SH,国泰中证军工ETF,2017-05-18,0.90,0.89,0.90,0.88,0.89,12721400,11316977,-0.01,-1.3378,0.8896
512660.SH,国泰中证军工ETF,2017-05-19,0.89,0.89,0.89,0.88,0.88,13779400,12145664,-0.01,-0.5650,0.8814
512660.SH,国泰中证军工ETF,2017-05-22,0.88,0.88,0.89,0.87,0.87,15015800,13150744,-0.01,-1.3636,0.8758
512660.SH,国泰中证军工ETF,2017-05-23,0.87,0.87,0.87,0.83,0.83,27458200,23310879,-0.04,-4.1475,0.8490
512660.SH,国泰中证军工ETF,2017-05-24,0.83,0.83,0.84,0.81,0.84,22051600,18266125,0.01,0.8413,0.8283
512660.SH,国泰中证军工ETF,2017-05-25,0.84,0.84,0.85,0.83,0.84,23321200,19557741,0.01,0.5959,0.8386
512660.SH,国泰中证军工ETF,2017-05-26,0.84,0.84,0.85,0.84,0.84,9842600,8329790,0.00,0.1185,0.8463
512660.SH,国泰中证军工ETF,2017-05-31,0.84,0.85,0.86,0.84,0.84,19737600,16836539,0.00,0.0000,0.8530
512660.SH,国泰中证军工ETF,2017-06-01,0.84,0.84,0.84,0.82,0.82,13470800,11223677,-0.02,-2.4852,0.8332
512660.SH,国泰中证军工ETF,2017-06-02,0.82,0.82,0.84,0.81,0.83,19348100,15981705,0.01,1.3350,0.8260
512660.SH,国泰中证军工ETF,2017-06-05,0.83,0.84,0.84,0.84,0.84,27558900,23201347,0.01,0.9581,0.8419
512660.SH,国泰中证军工ETF,2017-06-06,0.84,0.85,0.85,0.84,0.85,33944800,28859575,0.01,1.1862,0.8502
512660.SH,国泰中证军工ETF,2017-06-07,0.85,0.85,0.86,0.85,0.86,24019800,20642540,0.01,1.1723,0.8594
512660.SH,国泰中证军工ETF,2017-06-08,0.86,0.86,0.87,0.86,0.86,20919255,18051764,-0.00,-0.2317,0.8629
512660.SH,国泰中证军工ETF,2017-06-09,0.86,0.86,0.86,0.85,0.86,26895655,23126162,0.00,0.2323,0.8598
512660.SH,国泰中证军工ETF,2017-06-12,0.86,0.86,0.86,0.85,0.85,16893800,14395572,-0.01,-1.6222,0.8521
512660.SH,国泰中证军工ETF,2017-06-13,0.85,0.85,0.86,0.85,0.85,11913100,10155033,0.01,0.5889,0.8524
512660.SH,国泰中证军工ETF,2017-06-14,0.85,0.85,0.87,0.85,0.86,18147800,15623310,0.01,0.8197,0.8609
512660.SH,国泰中证军工ETF,2017-06-15,0.86,0.86,0.87,0.86,0.87,23850100,20689629,0.01,1.0453,0.8675
512660.SH,国泰中证军工ETF,2017-06-16,0.87,0.87,0.88,0.86,0.87,17043700,14851415,0.00,0.4598,0.8714
512660.SH,国泰中证军工ETF,2017-06-19,0.87,0.87,0.90,0.87,0.89,30964900,27543350,0.02,2.0595,0.8895
512660.SH,国泰中证军工ETF,2017-06-20,0.89,0.89,0.90,0.89,0.89,14494900,12940477,-0.00,-0.1121,0.8928
512660.SH,国泰中证军工ETF,2017-06-21,0.89,0.89,0.90,0.89,0.89,18689600,16724432,0.00,0.1122,0.8949
512660.SH,国泰中证军工ETF,2017-06-22,0.89,0.89,0.89,0.87,0.88,18855900,16641278,-0.02,-1.9058,0.8826
512660.SH,国泰中证军工ETF,2017-06-23,0.88,0.88,0.88,0.86,0.88,20607200,17936975,0.00,0.3429,0.8704
512660.SH,国泰中证军工ETF,2017-06-26,0.88,0.88,0.89,0.87,0.89,19062100,16775253,0.01,0.9112,0.8800
512660.SH,国泰中证军工ETF,2017-06-27,0.89,0.89,0.90,0.88,0.89,19188000,17087961,0.01,0.5643,0.8906
512660.SH,国泰中证军工ETF,2017-06-28,0.89,0.89,0.89,0.88,0.88,12057600,10632823,-0.01,-1.2346,0.8818
512660.SH,国泰中证军工ETF,2017-06-29,0.88,0.88,0.89,0.88,0.89,14286483,12628054,0.01,0.5682,0.8839
512660.SH,国泰中证军工ETF,2017-06-30,0.89,0.88,0.88,0.88,0.88,12387500,10911461,-0.00,-0.2260,0.8808
512660.SH,国泰中证军工ETF,2017-07-03,0.88,0.88,0.89,0.88,0.89,11216300,9889607,0.00,0.4530,0.8817
512660.SH,国泰中证军工ETF,2017-07-04,0.89,0.89,0.89,0.88,0.89,15031100,13358303,0.00,0.4510,0.8887
512660.SH,国泰中证军工ETF,2017-07-05,0.89,0.89,0.90,0.89,0.90,13706300,12206110,0.01,0.6734,0.8905
512660.SH,国泰中证军工ETF,2017-07-06,0.90,0.90,0.90,0.89,0.90,14134300,12621528,-0.00,-0.1115,0.8930
512660.SH,国泰中证军工ETF,2017-07-07,0.90,0.89,0.91,0.89,0.90,15480800,13942507,0.01,0.8929,0.9006
512660.SH,国泰中证军工ETF,2017-07-10,0.90,0.91,0.92,0.90,0.90,24739700,22540740,0.00,0.0000,0.9111
512660.SH,国泰中证军工ETF,2017-07-11,0.90,0.90,0.91,0.89,0.90,19192600,17228737,-0.01,-0.8850,0.8977
512660.SH,国泰中证军工ETF,2017-07-12,0.90,0.89,0.90,0.88,0.89,33273400,29366523,-0.01,-1.2277,0.8826
512660.SH,国泰中证军工ETF,2017-07-13,0.89,0.88,0.89,0.88,0.89,19526100,17373290,0.01,0.7910,0.8897
512660.SH,国泰中证军工ETF,2017-07-14,0.89,0.89,0.90,0.88,0.89,17465700,15558423,-0.00,-0.4484,0.8908
512660.SH,国泰中证军工ETF,2017-07-17,0.89,0.88,0.89,0.83,0.84,59628439,50583037,-0.05,-5.8559,0.8483
512660.SH,国泰中证军工ETF,2017-07-18,0.84,0.83,0.84,0.82,0.84,39555300,32902213,0.00,0.4785,0.8318
512660.SH,国泰中证军工ETF,2017-07-19,0.84,0.84,0.85,0.83,0.85,32835600,27556223,0.01,0.8333,0.8392
512660.SH,国泰中证军工ETF,2017-07-20,0.85,0.84,0.85,0.84,0.85,23930400,20371504,0.00,0.3542,0.8513
512660.SH,国泰中证军工ETF,2017-07-21,0.85,0.85,0.86,0.85,0.86,35052500,29963791,0.01,0.9412,0.8548
512660.SH,国泰中证军工ETF,2017-07-24,0.86,0.86,0.87,0.85,0.87,23546596,20368318,0.01,1.6317,0.8650
512660.SH,国泰中证军工ETF,2017-07-25,0.87,0.87,0.88,0.86,0.87,30127200,26197131,-0.01,-0.5734,0.8696
512660.SH,国泰中证军工ETF,2017-07-26,0.87,0.87,0.87,0.86,0.87,19751100,17082610,0.00,0.3460,0.8649
512660.SH,国泰中证军工ETF,2017-07-27,0.87,0.87,0.88,0.86,0.88,23053400,20085955,0.01,1.1494,0.8713
512660.SH,国泰中证军工ETF,2017-07-28,0.88,0.88,0.88,0.87,0.87,17464900,15248534,-0.01,-1.0227,0.8731
512660.SH,国泰中证军工ETF,2017-07-31,0.87,0.88,0.88,0.86,0.86,16306300,14114472,-0.01,-0.8037,0.8656
512660.SH,国泰中证军工ETF,2017-08-01,0.86,0.86,0.87,0.86,0.86,21052200,18145660,-0.00,-0.4630,0.8619
512660.SH,国泰中证军工ETF,2017-08-02,0.86,0.87,0.87,0.84,0.84,24188800,20555322,-0.02,-1.9767,0.8498
512660.SH,国泰中证军工ETF,2017-08-03,0.84,0.84,0.85,0.84,0.85,14909900,12645389,0.00,0.4745,0.8481
512660.SH,国泰中证军工ETF,2017-08-04,0.85,0.85,0.90,0.85,0.89,107013400,94192239,0.04,5.0767,0.8802
512660.SH,国泰中证军工ETF,2017-08-07,0.89,0.89,0.89,0.88,0.89,49855300,44037168,-0.01,-0.5618,0.8833
512660.SH,国泰中证军工ETF,2017-08-08,0.89,0.88,0.89,0.87,0.89,50033800,44211051,0.00,0.3390,0.8836
512660.SH,国泰中证军工ETF,2017-08-09,0.89,0.88,0.89,0.88,0.88,20340200,17935014,-0.01,-0.7883,0.8818
512660.SH,国泰中证军工ETF,2017-08-10,0.88,0.88,0.90,0.88,0.88,47289700,41977328,0.00,0.3405,0.8877
512660.SH,国泰中证军工ETF,2017-08-11,0.88,0.89,0.90,0.88,0.88,77812200,69270660,-0.00,-0.1131,0.8902
512660.SH,国泰中证军工ETF,2017-08-14,0.88,0.88,0.89,0.87,0.89,55136900,48688413,0.01,0.9060,0.8830
512660.SH,国泰中证军工ETF,2017-08-15,0.89,0.89,0.90,0.89,0.89,45894800,40972477,0.00,0.2245,0.8927
512660.SH,国泰中证军工ETF,2017-08-16,0.89,0.89,0.91,0.89,0.90,38749767,34795025,0.01,1.2318,0.8979
512660.SH,国泰中证军工ETF,2017-08-17,0.90,0.91,0.92,0.90,0.92,60994267,55900415,0.01,1.2168,0.9165
512660.SH,国泰中证军工ETF,2017-08-18,0.92,0.91,0.92,0.90,0.91,26659600,24201537,-0.01,-0.9836,0.9078
512660.SH,国泰中证军工ETF,2017-08-21,0.91,0.91,0.91,0.90,0.91,21047600,19041318,0.00,0.0000,0.9047
512660.SH,国泰中证军工ETF,2017-08-22,0.91,0.91,0.91,0.89,0.89,19482300,17516549,-0.01,-1.4349,0.8991
512660.SH,国泰中证军工ETF,2017-08-23,0.89,0.89,0.90,0.89,0.90,18183800,16298334,0.00,0.3359,0.8963
512660.SH,国泰中证军工ETF,2017-08-24,0.90,0.89,0.90,0.89,0.89,36399800,32477753,-0.01,-0.6696,0.8923
512660.SH,国泰中证军工ETF,2017-08-25,0.89,0.89,0.90,0.89,0.90,28475800,25406306,0.01,0.8989,0.8922
512660.SH,国泰中证军工ETF,2017-08-28,0.90,0.90,0.91,0.89,0.91,38186300,34429803,0.01,0.8909,0.9016
512660.SH,国泰中证军工ETF,2017-08-29,0.91,0.90,0.90,0.89,0.89,46130371,41321037,-0.02,-1.6556,0.8957
512660.SH,国泰中证军工ETF,2017-08-30,0.89,0.89,0.90,0.89,0.90,17020900,15188880,0.00,0.4489,0.8924
512660.SH,国泰中证军工ETF,2017-08-31,0.90,0.89,0.90,0.89,0.90,30061671,26891742,0.00,0.0000,0.8946
512660.SH,国泰中证军工ETF,2017-09-01,0.90,0.90,0.90,0.89,0.90,14551600,13036989,0.00,0.4469,0.8959
512660.SH,国泰中证军工ETF,2017-09-04,0.90,0.91,0.91,0.91,0.91,42430862,38564712,0.01,1.4461,0.9089
512660.SH,国泰中证军工ETF,2017-09-05,0.91,0.91,0.91,0.91,0.91,16639962,15129188,-0.00,-0.3289,0.9092
512660.SH,国泰中证军工ETF,2017-09-06,0.91,0.91,0.92,0.91,0.92,39633262,36246550,0.01,0.9901,0.9145
512660.SH,国泰中证军工ETF,2017-09-07,0.92,0.92,0.92,0.91,0.91,44199188,40520199,-0.01,-0.9804,0.9168
512660.SH,国泰中证军工ETF,2017-09-08,0.91,0.91,0.91,0.90,0.91,26938177,24475158,-0.00,-0.1100,0.9086
512660.SH,国泰中证军工ETF,2017-09-11,0.91,0.91,0.91,0.90,0.91,24121062,21946261,0.00,0.4405,0.9098
512660.SH,国泰中证军工ETF,2017-09-12,0.91,0.91,0.91,0.91,0.91,20311000,18482987,-0.00,-0.3289,0.9100
512660.SH,国泰中证军工ETF,2017-09-13,0.91,0.91,0.91,0.91,0.91,21384600,19474050,0.00,0.2200,0.9107
512660.SH,国泰中证军工ETF,2017-09-14,0.91,0.91,0.91,0.90,0.91,18074000,16404395,-0.01,-0.5488,0.9076
512660.SH,国泰中证军工ETF,2017-09-15,0.91,0.91,0.92,0.91,0.92,40686000,37123729,0.01,1.1038,0.9124
512660.SH,国泰中证军工ETF,2017-09-18,0.92,0.92,0.92,0.91,0.92,8328200,7634390,0.00,0.3275,0.9167
512660.SH,国泰中证军工ETF,2017-09-19,0.92,0.92,0.92,0.91,0.91,14230877,13022188,-0.01,-0.6529,0.9151
512660.SH,国泰中证军工ETF,2017-09-20,0.91,0.91,0.93,0.91,0.93,29250477,26927107,0.01,1.3143,0.9206
512660.SH,国泰中证军工ETF,2017-09-21,0.93,0.93,0.93,0.92,0.92,15151377,13953683,-0.01,-0.8649,0.9210
512660.SH,国泰中证军工ETF,2017-09-22,0.92,0.92,0.92,0.91,0.91,19284677,17594856,-0.00,-0.3272,0.9124
512660.SH,国泰中证军工ETF,2017-09-25,0.91,0.91,0.93,0.91,0.91,19316077,17764453,-0.00,-0.2188,0.9197
512660.SH,国泰中证军工ETF,2017-09-26,0.91,0.91,0.92,0.90,0.91,19319500,17583241,0.00,0.2193,0.9101
512660.SH,国泰中证军工ETF,2017-09-27,0.91,0.92,0.92,0.92,0.92,37377500,34330637,0.01,0.7659,0.9185
512660.SH,国泰中证军工ETF,2017-09-28,0.92,0.92,0.93,0.92,0.93,23064629,21403168,0.00,0.4343,0.9280
512660.SH,国泰中证军工ETF,2017-09-29,0.93,0.93,0.93,0.93,0.93,11438167,10648231,0.01,0.8649,0.9309
512660.SH,国泰中证军工ETF,2017-10-09,0.93,0.94,0.94,0.93,0.93,11852983,11082336,0.00,0.0000,0.9350
512660.SH,国泰中证军工ETF,2017-10-10,0.93,0.93,0.94,0.93,0.94,10353700,9660982,0.00,0.4287,0.9331
512660.SH,国泰中证军工ETF,2017-10-11,0.94,0.94,0.94,0.93,0.93,10188600,9500804,-0.01,-0.6403,0.9325
512660.SH,国泰中证军工ETF,2017-10-12,0.93,0.93,0.95,0.93,0.94,29738200,28008366,0.01,1.5038,0.9418
512660.SH,国泰中证军工ETF,2017-10-13,0.94,0.94,0.94,0.94,0.94,12357000,11599890,-0.00,-0.4233,0.9387
512660.SH,国泰中证军工ETF,2017-10-16,0.94,0.94,0.95,0.94,0.94,20293751,19206042,-0.00,-0.2125,0.9464
512660.SH,国泰中证军工ETF,2017-10-17,0.94,0.94,0.94,0.93,0.93,19383700,18073929,-0.01,-0.8520,0.9324
512660.SH,国泰中证军工ETF,2017-10-18,0.93,0.93,0.94,0.93,0.93,13427700,12546894,-0.00,-0.3222,0.9344
512660.SH,国泰中证军工ETF,2017-10-19,0.93,0.93,0.93,0.91,0.91,19276700,17632996,-0.02,-1.9397,0.9147
512660.SH,国泰中证军工ETF,2017-10-20,0.91,0.91,0.92,0.91,0.92,11792500,10759566,0.01,0.7692,0.9124
512660.SH,国泰中证军工ETF,2017-10-23,0.92,0.92,0.92,0.92,0.92,12877400,11807239,0.00,0.0000,0.9169
512660.SH,国泰中证军工ETF,2017-10-24,0.92,0.92,0.92,0.90,0.91,12668900,11496748,-0.01,-0.9815,0.9075
512660.SH,国泰中证军工ETF,2017-10-25,0.91,0.91,0.91,0.91,0.91,12913800,11729855,0.00,0.2203,0.9083
512660.SH,国泰中证军工ETF,2017-10-26,0.91,0.91,0.92,0.91,0.92,16501800,15079377,0.01,0.7692,0.9138
512660.SH,国泰中证军工ETF,2017-10-27,0.92,0.92,0.92,0.91,0.91,17654100,16092613,-0.01,-0.8724,0.9116
512660.SH,国泰中证军工ETF,2017-10-30,0.91,0.91,0.91,0.88,0.89,24485400,21754147,-0.02,-2.5303,0.8885
512660.SH,国泰中证军工ETF,2017-10-31,0.89,0.89,0.89,0.88,0.89,19601700,17353346,0.00,0.2257,0.8853
512660.SH,国泰中证军工ETF,2017-11-01,0.89,0.89,0.89,0.89,0.89,16017000,14247576,0.00,0.2252,0.8895
512660.SH,国泰中证军工ETF,2017-11-02,0.89,0.89,0.89,0.88,0.88,12885100,11366521,-0.01,-0.8989,0.8821
512660.SH,国泰中证军工ETF,2017-11-03,0.88,0.88,0.89,0.88,0.88,10561900,9295172,-0.00,-0.4535,0.8801
512660.SH,国泰中证军工ETF,2017-11-06,0.88,0.88,0.89,0.88,0.89,30577200,27050090,0.01,1.1390,0.8846
512660.SH,国泰中证军工ETF,2017-11-07,0.89,0.89,0.90,0.89,0.90,23579447,21135535,0.02,1.8018,0.8964
512660.SH,国泰中证军工ETF,2017-11-08,0.90,0.90,0.91,0.90,0.90,13560947,12276252,-0.00,-0.1106,0.9053
512660.SH,国泰中证军工ETF,2017-11-09,0.90,0.90,0.91,0.90,0.91,6853247,6204140,0.00,0.4430,0.9053
512660.SH,国泰中证军工ETF,2017-11-10,0.91,0.91,0.91,0.90,0.91,11583500,10488630,-0.00,-0.2205,0.9055
512660.SH,国泰中证军工ETF,2017-11-13,0.91,0.91,0.91,0.90,0.90,11380500,10257039,-0.00,-0.4420,0.9013
512660.SH,国泰中证军工ETF,2017-11-14,0.90,0.90,0.91,0.90,0.91,19766500,17937569,0.01,0.7769,0.9075
512660.SH,国泰中证军工ETF,2017-11-15,0.91,0.91,0.91,0.90,0.90,9412600,8469526,-0.01,-1.3216,0.8998
512660.SH,国泰中证军工ETF,2017-11-16,0.90,0.90,0.90,0.89,0.89,11751800,10505442,-0.00,-0.4464,0.8939
512660.SH,国泰中证军工ETF,2017-11-17,0.89,0.89,0.89,0.86,0.86,23616200,20608214,-0.03,-3.8117,0.8726
512660.SH,国泰中证军工ETF,2017-11-20,0.86,0.86,0.86,0.84,0.86,14049600,11923932,0.00,0.4662,0.8487
512660.SH,国泰中证军工ETF,2017-11-21,0.86,0.86,0.87,0.86,0.86,15638400,13494785,0.00,0.2320,0.8629
512660.SH,国泰中证军工ETF,2017-11-22,0.86,0.86,0.89,0.86,0.89,52864200,46556473,0.02,2.5463,0.8807
512660.SH,国泰中证军工ETF,2017-11-23,0.89,0.88,0.89,0.87,0.87,13253900,11651672,-0.02,-2.1445,0.8791
512660.SH,国泰中证军工ETF,2017-11-24,0.87,0.86,0.87,0.86,0.86,10326500,8957705,-0.00,-0.4614,0.8674
512660.SH,国泰中证军工ETF,2017-11-27,0.86,0.86,0.87,0.85,0.85,15921600,13709784,-0.01,-1.0429,0.8611
512660.SH,国泰中证军工ETF,2017-11-28,0.85,0.85,0.86,0.85,0.86,12661500,10864882,0.01,1.0539,0.8581
512660.SH,国泰中证军工ETF,2017-11-29,0.86,0.86,0.86,0.85,0.86,11697367,10046548,-0.00,-0.4635,0.8589
512660.SH,国泰中证军工ETF,2017-11-30,0.86,0.86,0.87,0.86,0.86,19548967,16857350,-0.00,-0.2328,0.8623
512660.SH,国泰中证军工ETF,2017-12-01,0.86,0.86,0.86,0.85,0.86,9967431,8572327,0.01,0.9335,0.8600
512660.SH,国泰中证军工ETF,2017-12-04,0.86,0.86,0.87,0.85,0.85,13816600,11877207,-0.01,-1.1561,0.8596
512660.SH,国泰中证军工ETF,2017-12-05,0.85,0.86,0.86,0.84,0.84,24525200,20854894,-0.01,-1.6374,0.8503
512660.SH,国泰中证军工ETF,2017-12-06,0.84,0.84,0.85,0.83,0.85,24046421,20250568,0.01,1.3080,0.8421
512660.SH,国泰中证军工ETF,2017-12-07,0.85,0.85,0.87,0.85,0.86,40953600,35411221,0.01,1.5258,0.8647
512660.SH,国泰中证军工ETF,2017-12-08,0.86,0.86,0.87,0.86,0.87,12208900,10579330,0.00,0.1156,0.8665
512660.SH,国泰中证军工ETF,2017-12-11,0.87,0.87,0.88,0.86,0.88,12360600,10762408,0.01,1.0393,0.8707
512660.SH,国泰中证军工ETF,2017-12-12,0.88,0.88,0.88,0.86,0.86,10933500,9504080,-0.01,-1.1429,0.8693
512660.SH,国泰中证军工ETF,2017-12-13,0.86,0.86,0.87,0.86,0.87,11646100,10109709,0.01,0.6936,0.8681
512660.SH,国泰中证军工ETF,2017-12-14,0.87,0.87,0.88,0.87,0.88,12441300,10863384,0.01,0.5741,0.8732
512660.SH,国泰中证军工ETF,2017-12-15,0.88,0.88,0.88,0.87,0.88,9680600,8445288,-0.00,-0.1142,0.8724
512660.SH,国泰中证军工ETF,2017-12-18,0.88,0.87,0.88,0.86,0.87,8507800,7385824,-0.01,-0.9143,0.8681
512660.SH,国泰中证军工ETF,2017-12-19,0.87,0.87,0.87,0.87,0.87,12241110,10631898,0.00,0.2307,0.8685
512660.SH,国泰中证军工ETF,2017-12-20,0.87,0.87,0.87,0.86,0.86,13095600,11285432,-0.01,-1.1507,0.8618
512660.SH,国泰中证军工ETF,2017-12-21,0.86,0.86,0.87,0.85,0.86,11113900,9570234,0.00,0.4657,0.8611
512660.SH,国泰中证军工ETF,2017-12-22,0.86,0.86,0.86,0.85,0.85,8831800,7578642,-0.01,-0.9270,0.8581
512660.SH,国泰中证军工ETF,2017-12-25,0.85,0.85,0.86,0.83,0.83,23287800,19599103,-0.02,-2.4561,0.8416
512660.SH,国泰中证军工ETF,2017-12-26,0.83,0.84,0.84,0.83,0.84,13340000,11157944,0.01,0.7194,0.8364
512660.SH,国泰中证军工ETF,2017-12-27,0.84,0.84,0.84,0.83,0.83,10426700,8732932,-0.01,-0.5952,0.8376
512660.SH,国泰中证军工ETF,2017-12-28,0.83,0.83,0.84,0.83,0.84,8953400,7494839,0.00,0.2395,0.8371
512660.SH,国泰中证军工ETF,2017-12-29,0.84,0.84,0.84,0.84,0.84,9325700,7827709,0.01,0.5974,0.8394
512660.SH,国泰中证军工ETF,2018-01-02,0.84,0.84,0.85,0.84,0.85,9064100,7668141,0.01,0.8314,0.8460
512660.SH,国泰中证军工ETF,2018-01-03,0.85,0.85,0.86,0.85,0.86,14224000,12138160,0.01,0.9423,0.8534
512660.SH,国泰中证军工ETF,2018-01-04,0.86,0.86,0.86,0.85,0.86,18087100,15515062,-0.00,-0.1167,0.8578
512660.SH,国泰中证军工ETF,2018-01-05,0.86,0.86,0.86,0.85,0.85,16996700,14484686,-0.01,-0.5841,0.8522
512660.SH,国泰中证军工ETF,2018-01-08,0.85,0.85,0.85,0.84,0.85,13640700,11559404,-0.00,-0.1175,0.8474
512660.SH,国泰中证军工ETF,2018-01-09,0.85,0.85,0.85,0.85,0.85,11206200,9532761,0.00,0.0000,0.8507
512660.SH,国泰中证军工ETF,2018-01-10,0.85,0.85,0.85,0.84,0.84,13579900,11428095,-0.01,-1.1765,0.8415
512660.SH,国泰中证军工ETF,2018-01-11,0.84,0.84,0.85,0.84,0.85,9410000,7923183,0.01,0.7143,0.8420
512660.SH,国泰中证军工ETF,2018-01-12,0.85,0.85,0.85,0.83,0.84,14854000,12476769,-0.01,-1.1820,0.8400
512660.SH,国泰中证军工ETF,2018-01-15,0.84,0.84,0.84,0.80,0.80,49558890,40553729,-0.03,-3.9474,0.8183
512660.SH,国泰中证军工ETF,2018-01-16,0.80,0.80,0.81,0.80,0.80,16916100,13560357,-0.00,-0.4981,0.8016
512660.SH,国泰中证军工ETF,2018-01-17,0.80,0.80,0.81,0.79,0.80,22560700,17984918,0.01,0.6258,0.7972
512660.SH,国泰中证军工ETF,2018-01-18,0.80,0.80,0.81,0.80,0.80,12368700,9925610,-0.00,-0.1244,0.8025
512660.SH,国泰中证军工ETF,2018-01-19,0.80,0.81,0.82,0.81,0.81,33357100,27213696,0.01,1.1208,0.8158
512660.SH,国泰中证军工ETF,2018-01-22,0.81,0.82,0.82,0.80,0.82,32010100,25977586,0.00,0.4926,0.8115
512660.SH,国泰中证军工ETF,2018-01-23,0.82,0.82,0.82,0.81,0.82,20471500,16681498,0.00,0.0000,0.8149
512660.SH,国泰中证军工ETF,2018-01-24,0.82,0.81,0.83,0.81,0.83,25822400,21203018,0.01,1.2255,0.8211
512660.SH,国泰中证军工ETF,2018-01-25,0.83,0.83,0.85,0.82,0.84,60005000,50262805,0.01,1.2107,0.8376
512660.SH,国泰中证军工ETF,2018-01-26,0.84,0.83,0.83,0.83,0.83,31059700,25875515,-0.01,-0.7177,0.8331
512660.SH,国泰中证军工ETF,2018-01-29,0.83,0.83,0.83,0.81,0.82,32270900,26542721,-0.01,-1.6867,0.8225
512660.SH,国泰中证军工ETF,2018-01-30,0.82,0.82,0.82,0.81,0.82,15224300,12447958,0.00,0.2451,0.8176
512660.SH,国泰中证军工ETF,2018-01-31,0.82,0.82,0.82,0.80,0.80,28095400,22542378,-0.02,-2.6895,0.8024
512660.SH,国泰中证军工ETF,2018-02-01,0.80,0.80,0.80,0.77,0.77,39857800,31080091,-0.03,-3.5176,0.7798
512660.SH,国泰中证军工ETF,2018-02-02,0.77,0.77,0.77,0.75,0.77,25113800,19169288,0.00,0.1302,0.7633
512660.SH,国泰中证军工ETF,2018-02-05,0.77,0.76,0.77,0.76,0.76,12716500,9716996,-0.01,-0.6502,0.7641
512660.SH,国泰中证军工ETF,2018-02-06,0.76,0.75,0.76,0.72,0.72,35491400,26156851,-0.05,-6.0209,0.7370
512660.SH,国泰中证军工ETF,2018-02-07,0.72,0.73,0.73,0.70,0.72,22972500,16476203,-0.00,-0.2786,0.7172
512660.SH,国泰中证军工ETF,2018-02-08,0.72,0.72,0.74,0.72,0.73,20208400,14731532,0.02,2.0950,0.7290
512660.SH,国泰中证军工ETF,2018-02-09,0.73,0.71,0.72,0.69,0.70,25145600,17801710,-0.03,-3.5568,0.7079
512660.SH,国泰中证军工ETF,2018-02-12,0.70,0.71,0.72,0.71,0.72,13433100,9619874,0.01,1.9858,0.7161
512660.SH,国泰中证军工ETF,2018-02-13,0.72,0.73,0.74,0.72,0.72,20289980,14816134,0.01,0.8345,0.7302
512660.SH,国泰中证军工ETF,2018-02-14,0.72,0.73,0.73,0.72,0.72,10378500,7494303,-0.00,-0.1379,0.7221
512660.SH,国泰中证军工ETF,2018-02-22,0.72,0.73,0.74,0.73,0.73,9315111,6829673,0.01,1.5193,0.7332
512660.SH,国泰中证军工ETF,2018-02-23,0.73,0.73,0.74,0.73,0.74,13344100,9876700,0.01,0.6803,0.7402
512660.SH,国泰中证军工ETF,2018-02-26,0.74,0.74,0.76,0.74,0.76,27344100,20590956,0.02,2.7027,0.7530
512660.SH,国泰中证军工ETF,2018-02-27,0.76,0.76,0.79,0.76,0.78,35359334,27390181,0.02,2.6316,0.7746
512660.SH,国泰中证军工ETF,2018-02-28,0.78,0.77,0.79,0.77,0.78,47093917,36994811,0.00,0.2564,0.7856
512660.SH,国泰中证军工ETF,2018-03-01,0.78,0.78,0.79,0.77,0.79,32868217,25848732,0.01,1.2788,0.7864
512660.SH,国泰中证军工ETF,2018-03-02,0.79,0.79,0.80,0.78,0.79,16832717,13318973,-0.00,-0.5051,0.7913
512660.SH,国泰中证军工ETF,2018-03-05,0.79,0.80,0.80,0.79,0.80,16460700,13149745,0.01,1.7766,0.7989
512660.SH,国泰中证军工ETF,2018-03-06,0.80,0.80,0.81,0.80,0.81,13678900,11019845,0.01,0.8728,0.8056
512660.SH,国泰中证军工ETF,2018-03-07,0.81,0.81,0.81,0.80,0.80,18564300,14896987,-0.01,-1.4833,0.8025
512660.SH,国泰中证军工ETF,2018-03-08,0.80,0.80,0.80,0.79,0.80,11090467,8825346,0.00,0.0000,0.7958
512660.SH,国泰中证军工ETF,2018-03-09,0.80,0.80,0.82,0.80,0.81,19951967,16142978,0.02,2.1330,0.8091
512660.SH,国泰中证军工ETF,2018-03-12,0.81,0.82,0.83,0.81,0.83,34911079,28694979,0.01,1.4742,0.8219
512660.SH,国泰中证军工ETF,2018-03-13,0.83,0.83,0.83,0.82,0.82,14543700,11969242,-0.01,-0.9685,0.8230
512660.SH,国泰中证军工ETF,2018-03-14,0.82,0.82,0.82,0.80,0.80,14456300,11639419,-0.02,-2.2005,0.8051
512660.SH,国泰中证军工ETF,2018-03-15,0.80,0.80,0.81,0.79,0.80,17894100,14347955,0.00,0.3750,0.8018
512660.SH,国泰中证军工ETF,2018-03-16,0.80,0.80,0.81,0.80,0.80,9371800,7494728,-0.01,-0.8717,0.7997
512660.SH,国泰中证军工ETF,2018-03-19,0.80,0.80,0.81,0.79,0.80,14780400,11912688,0.01,0.7538,0.8060
512660.SH,国泰中证军工ETF,2018-03-20,0.80,0.80,0.81,0.79,0.81,14737700,11804563,0.01,0.7481,0.8010
512660.SH,国泰中证军工ETF,2018-03-21,0.81,0.81,0.83,0.81,0.81,26422000,21599773,0.00,0.6188,0.8175
512660.SH,国泰中证军工ETF,2018-03-22,0.81,0.81,0.81,0.80,0.80,35256000,28392290,-0.01,-1.5990,0.8053
512660.SH,国泰中证军工ETF,2018-03-23,0.80,0.79,0.79,0.75,0.77,37038100,28699970,-0.03,-3.5000,0.7749
512660.SH,国泰中证军工ETF,2018-03-26,0.77,0.76,0.81,0.76,0.81,36494200,29019976,0.04,5.1813,0.7952
512660.SH,国泰中证军工ETF,2018-03-27,0.81,0.81,0.83,0.81,0.83,40731100,33523912,0.02,2.5862,0.8231
512660.SH,国泰中证军工ETF,2018-03-28,0.83,0.82,0.84,0.82,0.83,34676400,28810716,-0.01,-0.6002,0.8308
512660.SH,国泰中证军工ETF,2018-03-29,0.83,0.83,0.83,0.81,0.82,17625500,14481208,-0.01,-0.7246,0.8216
512660.SH,国泰中证军工ETF,2018-03-30,0.82,0.82,0.85,0.82,0.85,70608200,59234906,0.03,3.5280,0.8389
512660.SH,国泰中证军工ETF,2018-04-02,0.85,0.85,0.88,0.84,0.87,48944100,42290998,0.02,1.9976,0.8641
512660.SH,国泰中证军工ETF,2018-04-03,0.87,0.86,0.86,0.84,0.86,31910867,27304631,-0.01,-1.1521,0.8557
512660.SH,国泰中证军工ETF,2018-04-04,0.86,0.86,0.88,0.85,0.86,56127000,48615183,-0.00,-0.2331,0.8662
512660.SH,国泰中证军工ETF,2018-04-09,0.86,0.85,0.88,0.85,0.88,40511300,35245024,0.02,2.8037,0.8700
512660.SH,国泰中证军工ETF,2018-04-10,0.88,0.88,0.88,0.85,0.86,56718300,48671819,-0.02,-2.7273,0.8581
512660.SH,国泰中证军工ETF,2018-04-11,0.86,0.86,0.86,0.85,0.86,34345000,29389083,0.00,0.3505,0.8557
512660.SH,国泰中证军工ETF,2018-04-12,0.86,0.85,0.87,0.85,0.85,42627200,36603920,-0.01,-1.0477,0.8587
512660.SH,国泰中证军工ETF,2018-04-13,0.85,0.86,0.87,0.85,0.85,38904600,33459468,0.01,0.5882,0.8600
512660.SH,国泰中证军工ETF,2018-04-16,0.85,0.86,0.86,0.85,0.86,18458000,15807601,0.01,0.8187,0.8564
512660.SH,国泰中证军工ETF,2018-04-17,0.86,0.86,0.88,0.84,0.84,33661143,29014757,-0.02,-2.0882,0.8620
512660.SH,国泰中证军工ETF,2018-04-18,0.84,0.85,0.88,0.84,0.87,35795424,30812466,0.03,3.0806,0.8608
512660.SH,国泰中证军工ETF,2018-04-19,0.87,0.88,0.91,0.86,0.89,78837354,70145548,0.02,2.5287,0.8898
512660.SH,国泰中证军工ETF,2018-04-20,0.89,0.89,0.91,0.88,0.89,42525430,37951980,-0.01,-0.7848,0.8925
512660.SH,国泰中证军工ETF,2018-04-23,0.89,0.88,0.89,0.83,0.85,43998900,37776883,-0.04,-4.1808,0.8586
512660.SH,国泰中证军工ETF,2018-04-24,0.85,0.85,0.87,0.84,0.87,31008500,26575778,0.02,2.4764,0.8570
512660.SH,国泰中证军工ETF,2018-04-25,0.87,0.86,0.88,0.86,0.87,21467500,18680954,0.00,0.1151,0.8702
512660.SH,国泰中证军工ETF,2018-04-26,0.87,0.87,0.88,0.85,0.85,23073200,19983991,-0.02,-1.8391,0.8661
512660.SH,国泰中证军工ETF,2018-04-27,0.85,0.85,0.86,0.83,0.84,28941200,24372929,-0.01,-1.2881,0.8422
512660.SH,国泰中证军工ETF,2018-05-02,0.84,0.84,0.84,0.83,0.83,33898379,28302477,-0.01,-1.4235,0.8349
512660.SH,国泰中证军工ETF,2018-05-03,0.83,0.83,0.84,0.81,0.84,23729200,19494345,0.01,0.6017,0.8215
512660.SH,国泰中证军工ETF,2018-05-04,0.84,0.83,0.84,0.83,0.84,44223300,37095508,0.00,0.1196,0.8388
512660.SH,国泰中证军工ETF,2018-05-07,0.84,0.83,0.85,0.83,0.85,18558400,15652508,0.01,1.1947,0.8434
512660.SH,国泰中证军工ETF,2018-05-08,0.85,0.85,0.86,0.85,0.85,40799300,34906290,0.00,0.4723,0.8556
512660.SH,国泰中证军工ETF,2018-05-09,0.85,0.85,0.85,0.84,0.84,29606800,25022909,-0.01,-0.7051,0.8452
512660.SH,国泰中证军工ETF,2018-05-10,0.84,0.85,0.85,0.83,0.83,16633100,13904905,-0.01,-1.1834,0.8360
512660.SH,国泰中证军工ETF,2018-05-11,0.83,0.83,0.84,0.82,0.83,16719300,13870348,-0.01,-0.8383,0.8296
512660.SH,国泰中证军工ETF,2018-05-14,0.83,0.83,0.83,0.81,0.81,44484700,36347410,-0.02,-1.9324,0.8171
512660.SH,国泰中证军工ETF,2018-05-15,0.81,0.81,0.82,0.81,0.82,28452710,23229557,0.01,1.2315,0.8164
512660.SH,国泰中证军工ETF,2018-05-16,0.82,0.82,0.83,0.82,0.82,29604900,24485121,0.00,0.1217,0.8271
512660.SH,国泰中证军工ETF,2018-05-17,0.82,0.82,0.82,0.81,0.81,18895700,15453829,-0.01,-0.9721,0.8178
512660.SH,国泰中证军工ETF,2018-05-18,0.81,0.81,0.82,0.81,0.82,17282000,14040949,0.00,0.2454,0.8125
512660.SH,国泰中证军工ETF,2018-05-21,0.82,0.82,0.83,0.82,0.83,25655490,21168188,0.01,1.3464,0.8251
512660.SH,国泰中证军工ETF,2018-05-22,0.83,0.83,0.83,0.82,0.83,22494169,18505173,-0.00,-0.2415,0.8227
512660.SH,国泰中证军工ETF,2018-05-23,0.83,0.83,0.83,0.82,0.82,28149100,23312392,-0.00,-0.4843,0.8282
512660.SH,国泰中证军工ETF,2018-05-24,0.82,0.82,0.83,0.81,0.82,19690301,16115026,-0.01,-0.7299,0.8184
512660.SH,国泰中证军工ETF,2018-05-25,0.82,0.82,0.82,0.81,0.81,34488126,28010377,-0.01,-0.7353,0.8122
512660.SH,国泰中证军工ETF,2018-05-28,0.81,0.81,0.81,0.79,0.79,27763788,22098991,-0.02,-2.4691,0.7960
512660.SH,国泰中证军工ETF,2018-05-29,0.79,0.79,0.79,0.78,0.78,22627499,17788840,-0.01,-1.1392,0.7862
512660.SH,国泰中证军工ETF,2018-05-30,0.78,0.78,0.78,0.76,0.76,23561651,18198113,-0.02,-2.5608,0.7724
512660.SH,国泰中证军工ETF,2018-05-31,0.76,0.77,0.77,0.76,0.76,22861000,17422602,0.00,0.0000,0.7621
512660.SH,国泰中证军工ETF,2018-06-01,0.76,0.76,0.77,0.75,0.75,29507400,22318404,-0.01,-1.3141,0.7564
512660.SH,国泰中证军工ETF,2018-06-04,0.75,0.76,0.76,0.74,0.75,23893443,17887582,-0.00,-0.3995,0.7486
512660.SH,国泰中证军工ETF,2018-06-05,0.75,0.75,0.76,0.75,0.76,46941500,35595914,0.02,2.0053,0.7583
512660.SH,国泰中证军工ETF,2018-06-06,0.76,0.76,0.77,0.76,0.76,54723600,41774515,-0.00,-0.3932,0.7634
512660.SH,国泰中证军工ETF,2018-06-07,0.76,0.76,0.76,0.75,0.75,35340600,26745292,-0.01,-1.1842,0.7568
512660.SH,国泰中证军工ETF,2018-06-08,0.75,0.75,0.75,0.73,0.74,30142900,22284887,-0.01,-1.4647,0.7393
512660.SH,国泰中证军工ETF,2018-06-11,0.74,0.74,0.74,0.73,0.73,30813100,22562749,-0.01,-1.2162,0.7322
512660.SH,国泰中证军工ETF,2018-06-12,0.73,0.73,0.74,0.72,0.74,21413000,15656776,0.01,0.6840,0.7312
512660.SH,国泰中证军工ETF,2018-06-13,0.74,0.73,0.73,0.72,0.72,26670900,19386958,-0.02,-2.4457,0.7269
512660.SH,国泰中证军工ETF,2018-06-14,0.72,0.72,0.72,0.71,0.71,29831300,21287950,-0.01,-0.9749,0.7136
512660.SH,国泰中证军工ETF,2018-06-15,0.71,0.71,0.71,0.69,0.69,48617300,34068216,-0.02,-2.5316,0.7007
512660.SH,国泰中证军工ETF,2018-06-19,0.69,0.69,0.69,0.64,0.65,48943500,32798982,-0.04,-5.9163,0.6701
512660.SH,国泰中证军工ETF,2018-06-20,0.65,0.65,0.68,0.65,0.67,37728300,25020412,0.02,2.9141,0.6632
512660.SH,国泰中证军工ETF,2018-06-21,0.67,0.67,0.68,0.65,0.65,39214600,26018986,-0.02,-2.9806,0.6635
512660.SH,国泰中证军工ETF,2018-06-22,0.65,0.65,0.67,0.64,0.66,56584621,37399816,0.01,1.9969,0.6610
512660.SH,国泰中证军工ETF,2018-06-25,0.66,0.67,0.67,0.66,0.66,19061600,12674387,-0.01,-0.7530,0.6649
512660.SH,国泰中证军工ETF,2018-06-26,0.66,0.65,0.68,0.65,0.68,30021200,20094564,0.02,3.0349,0.6693
512660.SH,国泰中证军工ETF,2018-06-27,0.68,0.68,0.69,0.67,0.68,39883000,27038448,-0.00,-0.2946,0.6779
512660.SH,国泰中证军工ETF,2018-06-28,0.68,0.68,0.69,0.67,0.67,22574200,15285769,-0.01,-0.8863,0.6771
512660.SH,国泰中证军工ETF,2018-06-29,0.67,0.67,0.69,0.67,0.69,46281910,31832468,0.02,3.5768,0.6878
512660.SH,国泰中证军工ETF,2018-07-02,0.69,0.69,0.70,0.68,0.69,45897841,31849616,-0.01,-0.7194,0.6939
512660.SH,国泰中证军工ETF,2018-07-03,0.69,0.69,0.72,0.69,0.72,82404900,58272041,0.03,4.2029,0.7071
512660.SH,国泰中证军工ETF,2018-07-04,0.72,0.71,0.72,0.70,0.71,37519600,26647503,-0.01,-1.5299,0.7102
512660.SH,国泰中证军工ETF,2018-07-05,0.71,0.71,0.71,0.69,0.69,32275000,22575614,-0.02,-2.2599,0.6995
512660.SH,国泰中证军工ETF,2018-07-06,0.69,0.69,0.71,0.69,0.70,55628200,39046377,0.01,1.0116,0.7019
512660.SH,国泰中证军工ETF,2018-07-09,0.70,0.70,0.72,0.70,0.71,43511800,30874861,0.02,2.2890,0.7096
512660.SH,国泰中证军工ETF,2018-07-10,0.71,0.71,0.72,0.71,0.72,42908400,30734665,0.01,0.6993,0.7163
512660.SH,国泰中证军工ETF,2018-07-11,0.72,0.71,0.71,0.69,0.70,72595600,50906321,-0.02,-2.9167,0.7012
512660.SH,国泰中证军工ETF,2018-07-12,0.70,0.70,0.72,0.69,0.72,49409500,34985408,0.02,2.5751,0.7081
512660.SH,国泰中证军工ETF,2018-07-13,0.72,0.72,0.72,0.71,0.71,28487800,20323696,-0.01,-0.6974,0.7134
512660.SH,国泰中证军工ETF,2018-07-16,0.71,0.71,0.73,0.71,0.72,41673000,29999811,0.01,1.5449,0.7199
512660.SH,国泰中证军工ETF,2018-07-17,0.72,0.72,0.72,0.71,0.72,77640500,55563739,-0.00,-0.1383,0.7157
512660.SH,国泰中证军工ETF,2018-07-18,0.72,0.72,0.72,0.71,0.71,48364900,34644245,-0.01,-1.5235,0.7163
512660.SH,国泰中证军工ETF,2018-07-19,0.71,0.71,0.71,0.69,0.69,35560500,24960371,-0.02,-2.2504,0.7019
512660.SH,国泰中证军工ETF,2018-07-20,0.69,0.70,0.71,0.69,0.71,46317579,32618299,0.02,2.4460,0.7042
512660.SH,国泰中证军工ETF,2018-07-23,0.71,0.71,0.74,0.71,0.74,68855700,50577468,0.03,3.9326,0.7345
512660.SH,国泰中证军工ETF,2018-07-24,0.74,0.74,0.75,0.74,0.74,61041500,45340399,0.00,0.4054,0.7428
512660.SH,国泰中证军工ETF,2018-07-25,0.74,0.74,0.75,0.74,0.74,40250379,30026372,0.00,0.1346,0.7460
512660.SH,国泰中证军工ETF,2018-07-26,0.74,0.75,0.75,0.73,0.73,28970400,21325623,-0.01,-1.2097,0.7361
512660.SH,国泰中证军工ETF,2018-07-27,0.73,0.73,0.73,0.73,0.73,23966200,17524169,-0.00,-0.4082,0.7312
512660.SH,国泰中证军工ETF,2018-07-30,0.73,0.73,0.73,0.72,0.72,50199000,36370849,-0.01,-0.9563,0.7245
512660.SH,国泰中证军工ETF,2018-07-31,0.72,0.72,0.73,0.72,0.72,35503000,25647133,-0.00,-0.4138,0.7224
512660.SH,国泰中证军工ETF,2018-08-01,0.72,0.72,0.73,0.70,0.70,48691200,34841521,-0.02,-3.0471,0.7156
512660.SH,国泰中证军工ETF,2018-08-02,0.70,0.70,0.70,0.66,0.67,68590655,46296246,-0.03,-3.8571,0.6750
512660.SH,国泰中证军工ETF,2018-08-03,0.67,0.67,0.68,0.66,0.67,26313700,17638652,-0.01,-1.1887,0.6703
512660.SH,国泰中证军工ETF,2018-08-06,0.67,0.66,0.67,0.65,0.65,25689400,16825731,-0.02,-2.5564,0.6550
512660.SH,国泰中证军工ETF,2018-08-07,0.65,0.65,0.67,0.64,0.67,35936700,23425688,0.02,2.7778,0.6519
512660.SH,国泰中证军工ETF,2018-08-08,0.67,0.66,0.66,0.65,0.65,27189800,17875621,-0.01,-1.9520,0.6574
512660.SH,国泰中证军工ETF,2018-08-09,0.65,0.65,0.68,0.65,0.68,36707200,24516770,0.02,3.5222,0.6679
512660.SH,国泰中证军工ETF,2018-08-10,0.68,0.68,0.68,0.67,0.68,23047600,15636489,0.01,0.8876,0.6784
512660.SH,国泰中证军工ETF,2018-08-13,0.68,0.68,0.70,0.67,0.69,24506300,16766786,0.01,1.9062,0.6842
512660.SH,国泰中证军工ETF,2018-08-14,0.69,0.69,0.69,0.68,0.69,21967000,15102021,-0.01,-1.1511,0.6875
512660.SH,国泰中证军工ETF,2018-08-15,0.69,0.69,0.69,0.68,0.68,34079000,23418992,-0.01,-1.4556,0.6872
512660.SH,国泰中证军工ETF,2018-08-16,0.68,0.67,0.68,0.66,0.67,25156600,16931472,-0.01,-1.0340,0.6730
512660.SH,国泰中证军工ETF,2018-08-17,0.67,0.68,0.68,0.66,0.66,14985300,10028014,-0.01,-1.3433,0.6692
512660.SH,国泰中证军工ETF,2018-08-20,0.66,0.66,0.67,0.65,0.67,22049800,14600191,0.01,1.5129,0.6621
512660.SH,国泰中证军工ETF,2018-08-21,0.67,0.67,0.68,0.67,0.68,20674732,13986718,0.01,1.1923,0.6765
512660.SH,国泰中证军工ETF,2018-08-22,0.68,0.68,0.68,0.67,0.68,25885300,17548814,-0.00,-0.4418,0.6779
512660.SH,国泰中证军工ETF,2018-08-23,0.68,0.67,0.69,0.67,0.68,24024500,16342007,0.00,0.5917,0.6802
512660.SH,国泰中证军工ETF,2018-08-24,0.68,0.68,0.68,0.67,0.67,22918000,15461743,-0.01,-1.1765,0.6747
512660.SH,国泰中证军工ETF,2018-08-27,0.67,0.67,0.69,0.67,0.69,33112768,22785246,0.02,3.4226,0.6881
512660.SH,国泰中证军工ETF,2018-08-28,0.69,0.70,0.70,0.69,0.70,31413800,21998766,0.01,0.7194,0.7003
512660.SH,国泰中证军工ETF,2018-08-29,0.70,0.70,0.70,0.69,0.70,22696700,15899160,0.00,0.1429,0.7005
512660.SH,国泰中证军工ETF,2018-08-30,0.70,0.70,0.70,0.69,0.69,19764100,13653817,-0.01,-1.7118,0.6908
512660.SH,国泰中证军工ETF,2018-08-31,0.69,0.69,0.69,0.68,0.69,17953900,12323044,-0.00,-0.5806,0.6864
512660.SH,国泰中证军工ETF,2018-09-03,0.69,0.69,0.70,0.68,0.70,31610268,21802259,0.02,2.3358,0.6897
512660.SH,国泰中证军工ETF,2018-09-04,0.70,0.70,0.73,0.70,0.72,58463500,41782121,0.02,3.1384,0.7147
512660.SH,国泰中证军工ETF,2018-09-05,0.72,0.72,0.73,0.71,0.72,71798900,51925898,-0.01,-0.8299,0.7232
512660.SH,国泰中证军工ETF,2018-09-06,0.72,0.72,0.73,0.71,0.73,43205600,31346050,0.01,1.2552,0.7255
512660.SH,国泰中证军工ETF,2018-09-07,0.73,0.73,0.73,0.71,0.72,38343600,27660144,-0.01,-1.2397,0.7214
512660.SH,国泰中证军工ETF,2018-09-10,0.72,0.72,0.72,0.70,0.70,32628100,23243021,-0.01,-1.9526,0.7124
512660.SH,国泰中证军工ETF,2018-09-11,0.70,0.70,0.72,0.70,0.71,26267600,18691440,0.01,1.7070,0.7116
512660.SH,国泰中证军工ETF,2018-09-12,0.71,0.71,0.73,0.71,0.72,45664400,33071443,0.01,1.1189,0.7242
512660.SH,国泰中证军工ETF,2018-09-13,0.72,0.73,0.74,0.72,0.74,53811940,39331873,0.01,1.7981,0.7309
512660.SH,国泰中证军工ETF,2018-09-14,0.74,0.74,0.74,0.71,0.71,49337571,35517258,-0.02,-3.2609,0.7199
512660.SH,国泰中证军工ETF,2018-09-17,0.71,0.71,0.72,0.70,0.71,25932700,18371046,-0.01,-0.8427,0.7084
512660.SH,国泰中证军工ETF,2018-09-18,0.71,0.70,0.72,0.70,0.72,35556500,25233589,0.01,1.6997,0.7097
512660.SH,国泰中证军工ETF,2018-09-19,0.72,0.72,0.73,0.71,0.73,38019100,27439558,0.01,1.3928,0.7217
512660.SH,国泰中证军工ETF,2018-09-20,0.73,0.72,0.73,0.71,0.72,21629100,15554676,-0.01,-1.5110,0.7192
512660.SH,国泰中证军工ETF,2018-09-21,0.72,0.72,0.72,0.71,0.72,55828500,39932473,0.00,0.5579,0.7153
512660.SH,国泰中证军工ETF,2018-09-25,0.72,0.71,0.73,0.71,0.72,55215700,39970780,0.00,0.5548,0.7239
512660.SH,国泰中证军工ETF,2018-09-26,0.72,0.72,0.73,0.72,0.72,47928700,34679672,0.00,0.0000,0.7236
512660.SH,国泰中证军工ETF,2018-09-27,0.72,0.72,0.73,0.71,0.71,38940900,27921314,-0.01,-1.6552,0.7170
512660.SH,国泰中证军工ETF,2018-09-28,0.71,0.71,0.72,0.71,0.71,40492800,28810506,0.00,0.1403,0.7115
512660.SH,国泰中证军工ETF,2018-10-08,0.71,0.70,0.71,0.69,0.69,50481500,35237778,-0.03,-3.5014,0.6980
512660.SH,国泰中证军工ETF,2018-10-09,0.69,0.69,0.69,0.67,0.67,53952900,36545173,-0.02,-2.4673,0.6774
512660.SH,国泰中证军工ETF,2018-10-10,0.67,0.67,0.68,0.67,0.68,32508700,21959278,0.01,0.8929,0.6755
512660.SH,国泰中证军工ETF,2018-10-11,0.68,0.66,0.66,0.62,0.62,168836690,107697214,-0.05,-7.9646,0.6379
512660.SH,国泰中证军工ETF,2018-10-12,0.62,0.62,0.64,0.61,0.64,75550710,47186241,0.01,1.9231,0.6246
512660.SH,国泰中证军工ETF,2018-10-15,0.64,0.64,0.65,0.63,0.63,45796100,29374018,-0.00,-0.4717,0.6414
512660.SH,国泰中证军工ETF,2018-10-16,0.63,0.64,0.65,0.62,0.62,41397200,26138604,-0.01,-1.7378,0.6314
512660.SH,国泰中证军工ETF,2018-10-17,0.62,0.63,0.63,0.60,0.62,45748700,28395635,0.00,0.0000,0.6207
512660.SH,国泰中证军工ETF,2018-10-18,0.62,0.62,0.62,0.60,0.61,42252600,25851831,-0.02,-2.5723,0.6118
512660.SH,国泰中证军工ETF,2018-10-19,0.61,0.60,0.62,0.59,0.62,60526200,36799676,0.01,2.1452,0.6080
512660.SH,国泰中证军工ETF,2018-10-22,0.62,0.63,0.66,0.63,0.65,61898710,39782869,0.03,5.3312,0.6427
512660.SH,国泰中证军工ETF,2018-10-23,0.65,0.65,0.66,0.64,0.64,40651100,26307370,-0.01,-1.5337,0.6472
512660.SH,国泰中证军工ETF,2018-10-24,0.64,0.64,0.65,0.64,0.64,31613600,20363622,0.00,0.0000,0.6441
512660.SH,国泰中证军工ETF,2018-10-25,0.64,0.63,0.64,0.62,0.63,59614449,37287233,-0.01,-1.4019,0.6255
512660.SH,国泰中证军工ETF,2018-10-26,0.63,0.64,0.65,0.62,0.63,40397700,25710025,-0.00,-0.3160,0.6364
512660.SH,国泰中证军工ETF,2018-10-29,0.63,0.63,0.63,0.62,0.62,27059900,16896979,-0.01,-1.4263,0.6244
512660.SH,国泰中证军工ETF,2018-10-30,0.62,0.62,0.63,0.61,0.63,43334100,26963281,0.01,0.8039,0.6222
512660.SH,国泰中证军工ETF,2018-10-31,0.63,0.62,0.64,0.62,0.63,46201300,29187305,0.01,1.1164,0.6317
512660.SH,国泰中证军工ETF,2018-11-01,0.63,0.64,0.65,0.64,0.64,51557500,33193881,0.01,1.2618,0.6438
512660.SH,国泰中证军工ETF,2018-11-02,0.64,0.65,0.66,0.65,0.66,53213800,34750156,0.02,2.8037,0.6530
512660.SH,国泰中证军工ETF,2018-11-05,0.66,0.66,0.67,0.65,0.66,50990400,33645850,0.00,0.3030,0.6598
512660.SH,国泰中证军工ETF,2018-11-06,0.66,0.66,0.66,0.65,0.66,25113651,16496671,-0.00,-0.3021,0.6569
512660.SH,国泰中证军工ETF,2018-11-07,0.66,0.66,0.67,0.65,0.66,71854151,47218633,-0.01,-0.7576,0.6571
512660.SH,国泰中证军工ETF,2018-11-08,0.66,0.66,0.66,0.65,0.65,23051851,15020065,-0.01,-1.3740,0.6516
512660.SH,国泰中证军工ETF,2018-11-09,0.65,0.64,0.65,0.64,0.65,19793600,12781001,0.00,0.0000,0.6457
512660.SH,国泰中证军工ETF,2018-11-12,0.65,0.65,0.66,0.65,0.66,31818800,20786016,0.01,2.1672,0.6533
512660.SH,国泰中证军工ETF,2018-11-13,0.66,0.65,0.67,0.65,0.67,66937168,44236264,0.01,0.7576,0.6609
512660.SH,国泰中证军工ETF,2018-11-14,0.67,0.67,0.67,0.66,0.66,25462500,16841794,-0.01,-0.7519,0.6614
512660.SH,国泰中证军工ETF,2018-11-15,0.66,0.66,0.68,0.66,0.68,56230600,37675432,0.02,2.5758,0.6700
512660.SH,国泰中证军工ETF,2018-11-16,0.68,0.68,0.68,0.67,0.68,33020752,22379778,-0.00,-0.1477,0.6777
512660.SH,国泰中证军工ETF,2018-11-19,0.68,0.68,0.68,0.67,0.68,25872500,17400291,0.00,0.1479,0.6725
512660.SH,国泰中证军工ETF,2018-11-20,0.68,0.67,0.69,0.67,0.67,84681910,57824303,-0.00,-0.5908,0.6828
512660.SH,国泰中证军工ETF,2018-11-21,0.67,0.67,0.67,0.66,0.67,36934410,24676599,-0.00,-0.1486,0.6681
512660.SH,国泰中证军工ETF,2018-11-22,0.67,0.67,0.68,0.67,0.67,22120900,14896113,0.00,0.1488,0.6734
512660.SH,国泰中证军工ETF,2018-11-23,0.67,0.67,0.67,0.65,0.65,41734800,27304742,-0.03,-4.0119,0.6542
512660.SH,国泰中证军工ETF,2018-11-26,0.65,0.65,0.65,0.64,0.65,25319370,16411850,0.00,0.0000,0.6482
512660.SH,国泰中证军工ETF,2018-11-27,0.65,0.65,0.66,0.65,0.65,19386800,12646403,0.01,1.2384,0.6523
512660.SH,国泰中证军工ETF,2018-11-28,0.65,0.65,0.66,0.65,0.66,23637900,15479134,0.01,1.0703,0.6548
512660.SH,国泰中证军工ETF,2018-11-29,0.66,0.67,0.67,0.65,0.65,40865200,27076652,-0.01,-1.5129,0.6626
512660.SH,国泰中证军工ETF,2018-11-30,0.65,0.65,0.66,0.64,0.65,32036900,20786605,0.00,0.3072,0.6488
512660.SH,国泰中证军工ETF,2018-12-03,0.65,0.67,0.67,0.66,0.67,38713300,25871675,0.02,2.7565,0.6683
512660.SH,国泰中证军工ETF,2018-12-04,0.67,0.67,0.67,0.66,0.67,28260900,18800798,-0.00,-0.4471,0.6653
512660.SH,国泰中证军工ETF,2018-12-05,0.67,0.66,0.67,0.66,0.66,25448100,16796907,-0.01,-0.8982,0.6600
512660.SH,国泰中证军工ETF,2018-12-06,0.66,0.66,0.67,0.65,0.66,31729800,20971300,-0.01,-0.7553,0.6609
512660.SH,国泰中证军工ETF,2018-12-07,0.66,0.66,0.66,0.65,0.66,19910700,13047792,-0.00,-0.1522,0.6553
512660.SH,国泰中证军工ETF,2018-12-10,0.66,0.65,0.65,0.64,0.65,16672600,10800084,-0.01,-1.6768,0.6478
512660.SH,国泰中证军工ETF,2018-12-11,0.65,0.65,0.65,0.64,0.65,11054300,7154504,0.00,0.6202,0.6472
512660.SH,国泰中证军工ETF,2018-12-12,0.65,0.65,0.65,0.65,0.65,17533800,11370183,-0.00,-0.3082,0.6485
512660.SH,国泰中证军工ETF,2018-12-13,0.65,0.65,0.66,0.65,0.66,27682700,18121604,0.01,1.3910,0.6546
512660.SH,国泰中证军工ETF,2018-12-14,0.66,0.65,0.66,0.65,0.65,21148200,13826348,-0.01,-1.5244,0.6538
512660.SH,国泰中证军工ETF,2018-12-17,0.65,0.64,0.65,0.64,0.65,12709600,8169474,-0.00,-0.1548,0.6428
512660.SH,国泰中证军工ETF,2018-12-18,0.65,0.64,0.64,0.63,0.64,29704200,18986182,-0.01,-0.9302,0.6392
512660.SH,国泰中证军工ETF,2018-12-19,0.64,0.64,0.64,0.63,0.63,18323500,11588636,-0.01,-1.5649,0.6324
512660.SH,国泰中证军工ETF,2018-12-20,0.63,0.63,0.63,0.62,0.63,22120000,13862100,-0.00,-0.1590,0.6267
512660.SH,国泰中证军工ETF,2018-12-21,0.63,0.63,0.63,0.61,0.62,25244000,15643360,-0.01,-1.2739,0.6197
512660.SH,国泰中证军工ETF,2018-12-24,0.62,0.62,0.63,0.62,0.63,32977800,20535669,0.01,1.1290,0.6227
512660.SH,国泰中证军工ETF,2018-12-25,0.63,0.62,0.63,0.61,0.62,37755200,23280667,-0.00,-0.4785,0.6166
512660.SH,国泰中证军工ETF,2018-12-26,0.62,0.62,0.63,0.62,0.62,12054400,7478953,-0.01,-0.8013,0.6204
512660.SH,国泰中证军工ETF,2018-12-27,0.62,0.63,0.63,0.61,0.61,27961800,17334835,-0.00,-0.6462,0.6199
512660.SH,国泰中证军工ETF,2018-12-28,0.61,0.62,0.62,0.61,0.62,37876000,23269798,0.00,0.1626,0.6144
512660.SH,国泰中证军工ETF,2019-01-02,0.62,0.62,0.62,0.61,0.62,49587300,30652079,0.00,0.4870,0.6181
512660.SH,国泰中证军工ETF,2019-01-03,0.62,0.62,0.65,0.62,0.63,64864100,41133118,0.02,2.4233,0.6341
512660.SH,国泰中证军工ETF,2019-01-04,0.63,0.63,0.65,0.62,0.65,111287445,70824563,0.01,1.8927,0.6364
512660.SH,国泰中证军工ETF,2019-01-07,0.65,0.65,0.67,0.65,0.67,145736900,96273167,0.03,3.8700,0.6606
512660.SH,国泰中证军工ETF,2019-01-08,0.67,0.67,0.67,0.66,0.66,96098619,63646429,-0.01,-1.4903,0.6623
512660.SH,国泰中证军工ETF,2019-01-09,0.66,0.66,0.67,0.66,0.66,84476445,55858022,-0.00,-0.6051,0.6612
512660.SH,国泰中证军工ETF,2019-01-10,0.66,0.66,0.66,0.65,0.65,68972400,45152064,-0.00,-0.6088,0.6546
512660.SH,国泰中证军工ETF,2019-01-11,0.65,0.66,0.67,0.65,0.67,115188700,76156759,0.01,1.8377,0.6611
512660.SH,国泰中证军工ETF,2019-01-14,0.67,0.66,0.67,0.66,0.66,41359500,27249189,-0.01,-1.0526,0.6588
512660.SH,国泰中证军工ETF,2019-01-15,0.66,0.66,0.67,0.66,0.66,55217500,36522298,0.01,0.9119,0.6614
512660.SH,国泰中证军工ETF,2019-01-16,0.66,0.67,0.67,0.66,0.66,40498492,26738809,-0.01,-0.7530,0.6602
512660.SH,国泰中证军工ETF,2019-01-17,0.66,0.66,0.66,0.65,0.65,50746200,33171557,-0.01,-1.2140,0.6537
512660.SH,国泰中证军工ETF,2019-01-18,0.65,0.65,0.66,0.65,0.66,62050900,40527940,0.01,0.7680,0.6531
512660.SH,国泰中证军工ETF,2019-01-21,0.66,0.66,0.66,0.65,0.66,52390900,34460669,0.00,0.6098,0.6578
512660.SH,国泰中证军工ETF,2019-01-22,0.66,0.66,0.66,0.65,0.65,38423113,25052343,-0.01,-1.5152,0.6520
512660.SH,国泰中证军工ETF,2019-01-23,0.65,0.65,0.65,0.65,0.65,22381613,14544245,0.00,0.1538,0.6498
512660.SH,国泰中证军工ETF,2019-01-24,0.65,0.65,0.66,0.65,0.66,51441200,33792506,0.01,1.2289,0.6569
512660.SH,国泰中证军工ETF,2019-01-25,0.66,0.66,0.66,0.65,0.66,34359500,22574257,-0.00,-0.6070,0.6570
512660.SH,国泰中证军工ETF,2019-01-28,0.66,0.66,0.66,0.65,0.65,38194100,25102139,-0.00,-0.4580,0.6572
512660.SH,国泰中证军工ETF,2019-01-29,0.65,0.65,0.65,0.63,0.64,63191890,40410255,-0.01,-1.8405,0.6395
512660.SH,国泰中证军工ETF,2019-01-30,0.64,0.64,0.65,0.64,0.64,34540903,22268003,0.00,0.1563,0.6447
512660.SH,国泰中证军工ETF,2019-01-31,0.64,0.64,0.64,0.63,0.64,33637900,21446988,-0.01,-0.7800,0.6376
512660.SH,国泰中证军工ETF,2019-02-01,0.64,0.64,0.65,0.64,0.65,45396789,29208544,0.01,2.2013,0.6434
512660.SH,国泰中证军工ETF,2019-02-11,0.65,0.65,0.67,0.65,0.66,45215416,29811030,0.01,2.0000,0.6593
512660.SH,国泰中证军工ETF,2019-02-12,0.66,0.66,0.67,0.66,0.67,51776500,34555448,0.01,0.9050,0.6674
512660.SH,国泰中证军工ETF,2019-02-13,0.67,0.67,0.69,0.67,0.68,94310116,64003234,0.01,2.0927,0.6786
512660.SH,国泰中证军工ETF,2019-02-14,0.68,0.68,0.69,0.68,0.68,36673700,25081209,0.00,0.1464,0.6839
512660.SH,国泰中证军工ETF,2019-02-15,0.68,0.68,0.69,0.68,0.68,74286400,50550935,-0.01,-0.8772,0.6805
512660.SH,国泰中证军工ETF,2019-02-18,0.68,0.68,0.71,0.68,0.71,77881445,54175410,0.03,4.1298,0.6956
512660.SH,国泰中证军工ETF,2019-02-19,0.71,0.71,0.72,0.69,0.72,86001870,60578053,0.01,1.4164,0.7044
512660.SH,国泰中证军工ETF,2019-02-20,0.72,0.71,0.72,0.70,0.71,93209986,66209166,-0.01,-0.6983,0.7103
512660.SH,国泰中证军工ETF,2019-02-21,0.71,0.71,0.72,0.70,0.70,103710000,74071631,-0.01,-1.1252,0.7142
512660.SH,国泰中证军工ETF,2019-02-22,0.70,0.70,0.72,0.70,0.72,126239200,89590683,0.02,2.2760,0.7097
512660.SH,国泰中证军工ETF,2019-02-25,0.72,0.73,0.77,0.73,0.77,253325116,189494503,0.05,6.3978,0.7480
512660.SH,国泰中证军工ETF,2019-02-26,0.77,0.76,0.77,0.75,0.75,255526561,193330114,-0.02,-1.9608,0.7566
512660.SH,国泰中证军工ETF,2019-02-27,0.75,0.75,0.78,0.75,0.76,264478100,202765688,0.01,1.6000,0.7667
512660.SH,国泰中证军工ETF,2019-02-28,0.76,0.77,0.78,0.75,0.76,146935101,111945147,-0.00,-0.3937,0.7619
512660.SH,国泰中证军工ETF,2019-03-01,0.76,0.76,0.77,0.75,0.76,166097200,125462521,0.00,0.5270,0.7554
512660.SH,国泰中证军工ETF,2019-03-04,0.76,0.77,0.79,0.76,0.77,230676700,178346029,0.01,1.4417,0.7731
512660.SH,国泰中证军工ETF,2019-03-05,0.77,0.77,0.79,0.76,0.79,154956400,120647159,0.02,2.1964,0.7786
512660.SH,国泰中证军工ETF,2019-03-06,0.79,0.79,0.80,0.78,0.80,171530197,135246220,0.01,0.7585,0.7885
512660.SH,国泰中证军工ETF,2019-03-07,0.80,0.80,0.80,0.78,0.79,152965500,120944383,-0.01,-1.0038,0.7907
512660.SH,国泰中证军工ETF,2019-03-08,0.79,0.78,0.80,0.77,0.77,160839319,125756289,-0.02,-2.7883,0.7819
512660.SH,国泰中证军工ETF,2019-03-11,0.77,0.77,0.80,0.77,0.80,123383000,96823324,0.03,3.6506,0.7847
512660.SH,国泰中证军工ETF,2019-03-12,0.80,0.80,0.83,0.80,0.82,245086145,198608062,0.03,3.7736,0.8104
512660.SH,国泰中证军工ETF,2019-03-13,0.82,0.83,0.84,0.80,0.81,280859646,232500360,-0.02,-2.4242,0.8278
512660.SH,国泰中证军工ETF,2019-03-14,0.81,0.80,0.80,0.77,0.78,196198945,153869891,-0.02,-2.7329,0.7843
512660.SH,国泰中证军工ETF,2019-03-15,0.78,0.79,0.79,0.78,0.78,148200975,116218422,-0.00,-0.1277,0.7842
512660.SH,国泰中证军工ETF,2019-03-18,0.78,0.78,0.80,0.78,0.80,102082427,80434319,0.02,1.9182,0.7879
512660.SH,国泰中证军工ETF,2019-03-19,0.80,0.80,0.81,0.80,0.81,175144808,141301556,0.01,1.3802,0.8068
512660.SH,国泰中证军工ETF,2019-03-20,0.81,0.81,0.81,0.78,0.80,122919426,97544326,-0.01,-1.4851,0.7936
512660.SH,国泰中证军工ETF,2019-03-21,0.80,0.80,0.81,0.80,0.80,104167670,83488998,0.01,0.6281,0.8015
512660.SH,国泰中证军工ETF,2019-03-22,0.80,0.80,0.81,0.79,0.81,104994170,84123985,0.00,0.4994,0.8012
512660.SH,国泰中证军工ETF,2019-03-25,0.81,0.81,0.86,0.80,0.84,457228233,381592827,0.04,4.4720,0.8346
512660.SH,国泰中证军工ETF,2019-03-26,0.84,0.85,0.85,0.80,0.80,408788733,333634309,-0.04,-4.8751,0.8162
512660.SH,国泰中证军工ETF,2019-03-27,0.80,0.81,0.81,0.78,0.79,294535806,232419618,-0.01,-1.2500,0.7891
512660.SH,国泰中证军工ETF,2019-03-28,0.79,0.79,0.81,0.78,0.79,181342000,144701434,-0.00,-0.3797,0.7979
512660.SH,国泰中证军工ETF,2019-03-29,0.79,0.80,0.82,0.79,0.82,237689447,191498140,0.03,4.0661,0.8057
512660.SH,国泰中证军工ETF,2019-04-01,0.82,0.82,0.86,0.82,0.86,282143448,239735437,0.04,5.0061,0.8497
512660.SH,国泰中证军工ETF,2019-04-02,0.86,0.88,0.88,0.85,0.86,332615132,289037653,0.00,0.0000,0.8690
512660.SH,国泰中证军工ETF,2019-04-03,0.86,0.85,0.87,0.85,0.87,279332805,239361662,0.01,0.8140,0.8569
512660.SH,国泰中证军工ETF,2019-04-04,0.87,0.87,0.87,0.86,0.87,265131994,229459648,0.00,0.2307,0.8655
512660.SH,国泰中证军工ETF,2019-04-08,0.87,0.88,0.89,0.84,0.85,287478450,247498309,-0.02,-1.9563,0.8609
512660.SH,国泰中证军工ETF,2019-04-09,0.85,0.85,0.86,0.84,0.85,107604100,91338850,-0.00,-0.3521,0.8488
512660.SH,国泰中证军工ETF,2019-04-10,0.85,0.85,0.85,0.84,0.85,100708682,85123936,-0.00,-0.3534,0.8452
512660.SH,国泰中证军工ETF,2019-04-11,0.85,0.84,0.85,0.83,0.83,159772677,133971378,-0.02,-2.1277,0.8385
512660.SH,国泰中证军工ETF,2019-04-12,0.83,0.83,0.83,0.82,0.83,104360200,85964940,-0.00,-0.2415,0.8237
512660.SH,国泰中证军工ETF,2019-04-15,0.83,0.83,0.85,0.82,0.82,105287300,87964294,-0.00,-0.2421,0.8355
512660.SH,国泰中证军工ETF,2019-04-16,0.82,0.82,0.84,0.81,0.84,149849300,123471379,0.01,1.4563,0.8240
512660.SH,国泰中证军工ETF,2019-04-17,0.84,0.84,0.84,0.83,0.84,115166650,96410647,0.00,0.1196,0.8371
512660.SH,国泰中证军工ETF,2019-04-18,0.84,0.84,0.85,0.83,0.84,151182000,127679747,0.01,0.9558,0.8445
512660.SH,国泰中证军工ETF,2019-04-19,0.84,0.84,0.84,0.83,0.84,111338843,92942983,-0.00,-0.3550,0.8348
512660.SH,国泰中证军工ETF,2019-04-22,0.84,0.85,0.85,0.83,0.83,142300100,119094706,-0.01,-1.0689,0.8369
512660.SH,国泰中证军工ETF,2019-04-23,0.83,0.83,0.83,0.80,0.81,163055988,132464399,-0.03,-3.3613,0.8124
512660.SH,国泰中证军工ETF,2019-04-24,0.81,0.81,0.81,0.80,0.81,79654583,64032764,0.01,0.7453,0.8039
512660.SH,国泰中证军工ETF,2019-04-25,0.81,0.81,0.81,0.78,0.78,123902667,98074783,-0.03,-4.1924,0.7915
512660.SH,国泰中证军工ETF,2019-04-26,0.78,0.78,0.79,0.77,0.78,77769000,60531528,-0.00,-0.2574,0.7784
512660.SH,国泰中证军工ETF,2019-04-29,0.78,0.78,0.78,0.75,0.75,88403005,67420623,-0.02,-2.9677,0.7627
512660.SH,国泰中证军工ETF,2019-04-30,0.75,0.75,0.77,0.75,0.76,59550805,45269102,0.01,0.9309,0.7602
512660.SH,国泰中证军工ETF,2019-05-06,0.76,0.74,0.74,0.70,0.70,172108300,123696838,-0.06,-7.6416,0.7187
512660.SH,国泰中证军工ETF,2019-05-07,0.70,0.71,0.71,0.70,0.71,96395100,68159311,0.01,1.1412,0.7071
512660.SH,国泰中证军工ETF,2019-05-08,0.71,0.70,0.72,0.69,0.71,146164399,103888165,0.00,0.5642,0.7108
512660.SH,国泰中证军工ETF,2019-05-09,0.71,0.71,0.72,0.71,0.71,146587549,105266484,0.00,0.2805,0.7181
512660.SH,国泰中证军工ETF,2019-05-10,0.71,0.72,0.75,0.71,0.75,238917680,175464522,0.03,4.4755,0.7344
512660.SH,国泰中证军工ETF,2019-05-13,0.75,0.74,0.75,0.73,0.74,109247100,80916917,-0.01,-1.0710,0.7407
512660.SH,国泰中证军工ETF,2019-05-14,0.74,0.73,0.75,0.73,0.73,124157900,91573471,-0.01,-0.8119,0.7376
512660.SH,国泰中证军工ETF,2019-05-15,0.73,0.74,0.74,0.73,0.74,80535500,59519995,0.01,1.0914,0.7391
512660.SH,国泰中证军工ETF,2019-05-16,0.74,0.74,0.76,0.74,0.75,138800600,103914970,0.01,1.3495,0.7487
512660.SH,国泰中证军工ETF,2019-05-17,0.75,0.75,0.75,0.72,0.73,97868800,72276500,-0.02,-3.0626,0.7385
512660.SH,国泰中证军工ETF,2019-05-20,0.73,0.73,0.74,0.72,0.74,90499182,66586538,0.01,1.9231,0.7358
512660.SH,国泰中证军工ETF,2019-05-21,0.74,0.74,0.75,0.73,0.75,88554700,65870393,0.01,1.2129,0.7438
512660.SH,国泰中证军工ETF,2019-05-22,0.75,0.75,0.75,0.74,0.75,55794200,41650603,-0.00,-0.5326,0.7465
512660.SH,国泰中证军工ETF,2019-05-23,0.75,0.75,0.76,0.73,0.74,88973500,66270361,-0.01,-1.2048,0.7448
512660.SH,国泰中证军工ETF,2019-05-24,0.74,0.73,0.74,0.72,0.72,94813100,68699659,-0.02,-2.5745,0.7246
512660.SH,国泰中证军工ETF,2019-05-27,0.72,0.72,0.74,0.72,0.74,118483700,86978153,0.03,3.6161,0.7341
512660.SH,国泰中证军工ETF,2019-05-28,0.74,0.74,0.75,0.74,0.74,93303480,69478640,-0.00,-0.4027,0.7447
512660.SH,国泰中证军工ETF,2019-05-29,0.74,0.74,0.75,0.74,0.74,74436280,55544036,0.00,0.4043,0.7462
512660.SH,国泰中证军工ETF,2019-05-30,0.74,0.74,0.74,0.73,0.74,77488380,57130319,-0.01,-0.8054,0.7373
512660.SH,国泰中证军工ETF,2019-05-31,0.74,0.74,0.74,0.74,0.74,74367200,55086356,0.00,0.0000,0.7407
512660.SH,国泰中证军工ETF,2019-06-03,0.74,0.74,0.75,0.73,0.73,101091600,74323802,-0.01,-0.9472,0.7352
512660.SH,国泰中证军工ETF,2019-06-04,0.73,0.73,0.73,0.71,0.72,110185000,79323463,-0.02,-2.0492,0.7199
512660.SH,国泰中证军工ETF,2019-06-05,0.72,0.72,0.72,0.71,0.71,84741700,60759838,-0.00,-0.5579,0.7170
512660.SH,国泰中证军工ETF,2019-06-06,0.71,0.71,0.71,0.70,0.70,112681700,79160104,-0.02,-2.1038,0.7025
512660.SH,国泰中证军工ETF,2019-06-10,0.70,0.70,0.71,0.70,0.70,59873500,42066186,0.01,0.8596,0.7026
512660.SH,国泰中证军工ETF,2019-06-11,0.70,0.70,0.73,0.70,0.73,128859100,92132029,0.02,3.1250,0.7150
512660.SH,国泰中证军工ETF,2019-06-12,0.73,0.72,0.72,0.71,0.72,83008100,59746395,-0.01,-1.2397,0.7198
512660.SH,国泰中证军工ETF,2019-06-13,0.72,0.72,0.72,0.71,0.72,72937100,52221410,0.00,0.0000,0.7160
512660.SH,国泰中证军工ETF,2019-06-14,0.72,0.72,0.74,0.71,0.71,133107322,96359978,-0.00,-0.5579,0.7239
512660.SH,国泰中证军工ETF,2019-06-17,0.71,0.71,0.71,0.70,0.71,104818971,73928668,-0.01,-0.9818,0.7053
512660.SH,国泰中证军工ETF,2019-06-18,0.71,0.70,0.71,0.70,0.70,107523471,75432991,-0.01,-0.8499,0.7015
512660.SH,国泰中证军工ETF,2019-06-19,0.70,0.71,0.72,0.71,0.71,142753000,101993114,0.01,1.8571,0.7145
512660.SH,国泰中证军工ETF,2019-06-20,0.71,0.71,0.73,0.71,0.73,169905391,122710706,0.01,1.9635,0.7222
512660.SH,国泰中证军工ETF,2019-06-21,0.73,0.73,0.74,0.73,0.74,166910200,122960647,0.01,1.7882,0.7367
512660.SH,国泰中证军工ETF,2019-06-24,0.74,0.74,0.74,0.73,0.74,82572591,60846503,-0.00,-0.4054,0.7369
512660.SH,国泰中证军工ETF,2019-06-25,0.74,0.74,0.74,0.72,0.73,97256262,71248382,-0.00,-0.5427,0.7326
512660.SH,国泰中证军工ETF,2019-06-26,0.73,0.73,0.74,0.73,0.74,99310939,73267143,0.01,1.5007,0.7378
512660.SH,国泰中证军工ETF,2019-06-27,0.74,0.75,0.76,0.74,0.75,136095550,102069973,0.00,0.4032,0.7500
512660.SH,国泰中证军工ETF,2019-06-28,0.75,0.74,0.75,0.73,0.74,87362700,64528063,-0.01,-1.2048,0.7386
512660.SH,国泰中证军工ETF,2019-07-01,0.74,0.75,0.76,0.75,0.76,125213781,94131957,0.02,2.4390,0.7518
512660.SH,国泰中证军工ETF,2019-07-02,0.76,0.78,0.78,0.76,0.76,153499781,117846816,0.01,0.9259,0.7677
512660.SH,国泰中证军工ETF,2019-07-03,0.76,0.76,0.78,0.75,0.77,200037626,153629052,0.01,1.1796,0.7680
512660.SH,国泰中证军工ETF,2019-07-04,0.77,0.77,0.80,0.77,0.78,316721812,249501355,0.01,1.2953,0.7878
512660.SH,国泰中证军工ETF,2019-07-05,0.78,0.78,0.78,0.77,0.78,89259100,69290618,-0.00,-0.5115,0.7763
512660.SH,国泰中证军工ETF,2019-07-08,0.78,0.78,0.78,0.74,0.75,186413989,140685526,-0.03,-3.5990,0.7547
512660.SH,国泰中证军工ETF,2019-07-09,0.75,0.75,0.75,0.74,0.75,72375080,54206994,0.00,0.2667,0.7490
512660.SH,国泰中证军工ETF,2019-07-10,0.75,0.75,0.76,0.75,0.75,118279851,89253247,-0.00,-0.5319,0.7546
512660.SH,国泰中证军工ETF,2019-07-11,0.75,0.75,0.76,0.74,0.75,77811100,58438400,0.00,0.0000,0.7510
512660.SH,国泰中证军工ETF,2019-07-12,0.75,0.74,0.75,0.74,0.75,72179100,53872358,-0.00,-0.1337,0.7464
512660.SH,国泰中证军工ETF,2019-07-15,0.75,0.75,0.77,0.74,0.77,170062670,128878879,0.02,2.4096,0.7578
512660.SH,国泰中证军工ETF,2019-07-16,0.77,0.77,0.77,0.76,0.77,88846642,68181206,0.00,0.2614,0.7674
512660.SH,国泰中证军工ETF,2019-07-17,0.77,0.77,0.77,0.77,0.77,83304036,64124790,0.00,0.0000,0.7698
512660.SH,国泰中证军工ETF,2019-07-18,0.77,0.77,0.77,0.75,0.75,81985700,62187719,-0.01,-1.6949,0.7585
512660.SH,国泰中证军工ETF,2019-07-19,0.75,0.76,0.76,0.76,0.76,75789600,57457717,0.00,0.5305,0.7581
512660.SH,国泰中证军工ETF,2019-07-22,0.76,0.76,0.76,0.73,0.74,331619428,246599591,-0.02,-2.2427,0.7436
512660.SH,国泰中证军工ETF,2019-07-23,0.74,0.74,0.75,0.74,0.75,82806928,61948690,0.01,1.6194,0.7481
512660.SH,国泰中证军工ETF,2019-07-24,0.75,0.76,0.77,0.76,0.76,133180100,101792152,0.01,1.4608,0.7643
512660.SH,国泰中证军工ETF,2019-07-25,0.76,0.76,0.77,0.76,0.77,93302600,71637519,0.00,0.5236,0.7678
512660.SH,国泰中证军工ETF,2019-07-26,0.77,0.77,0.78,0.77,0.78,109592982,84851158,0.01,1.3021,0.7742
512660.SH,国泰中证军工ETF,2019-07-29,0.78,0.78,0.79,0.78,0.78,103466472,80697816,0.00,0.1285,0.7799
512660.SH,国泰中证军工ETF,2019-07-30,0.78,0.78,0.79,0.78,0.78,71407100,55728040,0.00,0.0000,0.7804
512660.SH,国泰中证军工ETF,2019-07-31,0.78,0.78,0.78,0.77,0.78,129974100,101145370,0.00,0.2567,0.7782
512660.SH,国泰中证军工ETF,2019-08-01,0.78,0.78,0.78,0.77,0.77,139175600,107879937,-0.01,-1.1524,0.7751
512660.SH,国泰中证军工ETF,2019-08-02,0.77,0.76,0.76,0.75,0.76,192886305,146141765,-0.02,-1.9430,0.7577
512660.SH,国泰中证军工ETF,2019-08-05,0.76,0.76,0.77,0.75,0.76,175073400,133356015,-0.00,-0.1321,0.7617
512660.SH,国泰中证军工ETF,2019-08-06,0.76,0.74,0.74,0.72,0.74,219732300,161617279,-0.02,-2.2487,0.7355
512660.SH,国泰中证军工ETF,2019-08-07,0.74,0.74,0.74,0.72,0.73,76292000,55978754,-0.01,-1.7591,0.7337
512660.SH,国泰中证军工ETF,2019-08-08,0.73,0.73,0.74,0.73,0.74,153213614,113112593,0.02,2.0661,0.7383
512660.SH,国泰中证军工ETF,2019-08-09,0.74,0.74,0.75,0.72,0.73,127918900,93655078,-0.01,-1.8893,0.7321
512660.SH,国泰中证军工ETF,2019-08-12,0.73,0.73,0.74,0.72,0.74,101760700,74199489,0.01,1.5131,0.7292
512660.SH,国泰中证军工ETF,2019-08-13,0.74,0.73,0.74,0.73,0.73,109196386,80255561,-0.00,-0.4065,0.7350
512660.SH,国泰中证军工ETF,2019-08-14,0.73,0.74,0.74,0.74,0.74,121128886,89746441,0.01,1.2245,0.7409
512660.SH,国泰中证军工ETF,2019-08-15,0.74,0.73,0.74,0.73,0.74,127195300,93631268,0.00,0.0000,0.7361
512660.SH,国泰中证军工ETF,2019-08-16,0.74,0.74,0.75,0.74,0.74,139234800,103914958,0.00,0.1344,0.7463
512660.SH,国泰中证军工ETF,2019-08-19,0.74,0.75,0.77,0.75,0.77,213248796,162089325,0.02,2.9530,0.7601
512660.SH,国泰中证军工ETF,2019-08-20,0.77,0.77,0.78,0.76,0.77,132498089,101920520,0.00,0.3911,0.7692
512660.SH,国泰中证军工ETF,2019-08-21,0.77,0.77,0.78,0.77,0.77,109075902,83947989,-0.00,-0.2597,0.7696
512660.SH,国泰中证军工ETF,2019-08-22,0.77,0.77,0.78,0.77,0.78,175479596,136084431,0.01,1.5625,0.7755
512660.SH,国泰中证军工ETF,2019-08-23,0.78,0.78,0.78,0.77,0.78,141022502,109305972,-0.01,-0.6410,0.7751
512660.SH,国泰中证军工ETF,2019-08-26,0.78,0.76,0.77,0.76,0.77,153888210,117899411,-0.00,-0.2581,0.7661
512660.SH,国泰中证军工ETF,2019-08-27,0.77,0.78,0.79,0.77,0.79,202804601,158840485,0.02,2.0699,0.7832
512660.SH,国泰中证军工ETF,2019-08-28,0.79,0.79,0.80,0.78,0.79,306681430,243436054,0.00,0.2535,0.7938
512660.SH,国泰中证军工ETF,2019-08-29,0.79,0.80,0.80,0.79,0.79,204221030,162121238,0.00,0.2528,0.7939
512660.SH,国泰中证军工ETF,2019-08-30,0.79,0.80,0.81,0.79,0.81,359005015,288695384,0.02,2.0177,0.8042
512660.SH,国泰中证军工ETF,2019-09-02,0.81,0.82,0.85,0.82,0.85,450105637,376549007,0.04,4.9444,0.8366
512660.SH,国泰中证军工ETF,2019-09-03,0.85,0.85,0.86,0.84,0.85,510433688,432384396,0.00,0.2356,0.8471
512660.SH,国泰中证军工ETF,2019-09-04,0.85,0.85,0.85,0.83,0.84,296561699,249787812,-0.01,-0.7051,0.8423
512660.SH,国泰中证军工ETF,2019-09-05,0.84,0.85,0.86,0.84,0.85,329453628,280397847,0.00,0.4734,0.8511
512660.SH,国泰中证军工ETF,2019-09-06,0.85,0.85,0.86,0.84,0.85,256184939,217903653,0.01,0.7067,0.8506
512660.SH,国泰中证军工ETF,2019-09-09,0.85,0.86,0.86,0.85,0.86,241557850,206672235,0.01,0.9357,0.8556
512660.SH,国泰中证军工ETF,2019-09-10,0.86,0.86,0.88,0.85,0.85,310085407,266630403,-0.01,-1.3905,0.8599
512660.SH,国泰中证军工ETF,2019-09-11,0.85,0.85,0.85,0.84,0.84,222169753,187816947,-0.01,-0.9401,0.8454
512660.SH,国泰中证军工ETF,2019-09-12,0.84,0.84,0.85,0.84,0.85,160168117,134904494,0.00,0.3559,0.8423
512660.SH,国泰中证军工ETF,2019-09-16,0.85,0.85,0.85,0.84,0.84,146096916,123278012,-0.01,-0.5910,0.8438
512660.SH,国泰中证军工ETF,2019-09-17,0.84,0.84,0.84,0.81,0.82,220735270,181869924,-0.03,-2.9727,0.8239
512660.SH,国泰中证军工ETF,2019-09-18,0.82,0.82,0.82,0.81,0.81,132171912,107379547,-0.00,-0.6127,0.8124
512660.SH,国泰中证军工ETF,2019-09-19,0.81,0.81,0.82,0.81,0.82,185914943,151859889,0.01,1.7263,0.8168
512660.SH,国泰中证军工ETF,2019-09-20,0.82,0.82,0.82,0.81,0.81,145790096,118939946,-0.01,-1.3333,0.8158
512660.SH,国泰中证军工ETF,2019-09-23,0.81,0.81,0.82,0.81,0.81,141869413,114957892,-0.00,-0.1229,0.8103
512660.SH,国泰中证军工ETF,2019-09-24,0.81,0.81,0.82,0.81,0.81,171237600,139203302,-0.00,-0.2460,0.8129
512660.SH,国泰中证军工ETF,2019-09-25,0.81,0.81,0.81,0.79,0.80,154912120,124150265,-0.02,-1.9729,0.8014
512660.SH,国泰中证军工ETF,2019-09-26,0.80,0.80,0.80,0.77,0.77,241047483,187519729,-0.03,-3.6478,0.7779
512660.SH,国泰中证军工ETF,2019-09-27,0.77,0.77,0.78,0.77,0.77,108032710,83611365,0.01,0.9138,0.7739
512660.SH,国泰中证军工ETF,2019-09-30,0.77,0.77,0.78,0.77,0.77,113628193,87665210,-0.01,-0.9056,0.7715
512660.SH,国泰中证军工ETF,2019-10-08,0.77,0.77,0.77,0.76,0.76,116065356,88446087,-0.01,-1.3055,0.7620
512660.SH,国泰中证军工ETF,2019-10-09,0.76,0.76,0.76,0.75,0.76,98191983,74382128,0.01,0.6614,0.7575
512660.SH,国泰中证军工ETF,2019-10-10,0.76,0.76,0.77,0.76,0.77,95365900,72985358,0.01,1.0512,0.7653
512660.SH,国泰中证军工ETF,2019-10-11,0.77,0.77,0.77,0.76,0.77,109565590,83976057,-0.00,-0.2601,0.7664
512660.SH,国泰中证军工ETF,2019-10-14,0.77,0.77,0.78,0.77,0.78,130024940,100730605,0.01,1.1734,0.7747
512660.SH,国泰中证军工ETF,2019-10-15,0.78,0.77,0.78,0.76,0.76,154212389,117924156,-0.01,-1.6753,0.7647
512660.SH,国泰中证军工ETF,2019-10-16,0.76,0.76,0.77,0.76,0.76,67528158,51398438,-0.01,-0.7864,0.7611
512660.SH,国泰中证军工ETF,2019-10-17,0.76,0.76,0.76,0.75,0.75,72330079,54694922,-0.00,-0.5284,0.7562
512660.SH,国泰中证军工ETF,2019-10-18,0.75,0.75,0.76,0.74,0.74,87444668,65380754,-0.01,-1.7264,0.7477
512660.SH,国泰中证军工ETF,2019-10-21,0.74,0.74,0.74,0.73,0.74,100835837,74167203,0.00,0.0000,0.7355
512660.SH,国泰中证军工ETF,2019-10-22,0.74,0.74,0.75,0.74,0.75,66214348,49252317,0.01,1.0811,0.7438
512660.SH,国泰中证军工ETF,2019-10-23,0.75,0.75,0.75,0.74,0.74,50239400,37329897,-0.01,-1.0695,0.7430
512660.SH,国泰中证军工ETF,2019-10-24,0.74,0.74,0.74,0.73,0.74,84000000,61923709,0.00,0.1351,0.7372
512660.SH,国泰中证军工ETF,2019-10-25,0.74,0.74,0.75,0.73,0.74,97465900,72195535,0.00,0.5398,0.7407
512660.SH,国泰中证军工ETF,2019-10-28,0.74,0.75,0.76,0.75,0.76,147040100,110818818,0.01,1.7450,0.7537
512660.SH,国泰中证军工ETF,2019-10-29,0.76,0.76,0.76,0.75,0.75,71948992,54097923,-0.01,-1.1873,0.7519
512660.SH,国泰中证军工ETF,2019-10-30,0.75,0.75,0.75,0.74,0.74,54879800,40665910,-0.01,-1.0681,0.7410
512660.SH,国泰中证军工ETF,2019-10-31,0.74,0.74,0.74,0.74,0.74,55364695,40962593,-0.00,-0.4049,0.7399
512660.SH,国泰中证军工ETF,2019-11-01,0.74,0.74,0.74,0.73,0.74,66986500,49587325,0.01,0.6775,0.7403
512660.SH,国泰中证军工ETF,2019-11-04,0.74,0.74,0.74,0.74,0.74,66024110,49015267,-0.00,-0.2692,0.7424
512660.SH,国泰中证军工ETF,2019-11-05,0.74,0.74,0.74,0.73,0.74,95806827,70989637,0.00,0.2699,0.7410
512660.SH,国泰中证军工ETF,2019-11-06,0.74,0.75,0.77,0.75,0.75,267529354,202800820,0.01,1.3459,0.7581
512660.SH,国泰中证军工ETF,2019-11-07,0.75,0.75,0.75,0.74,0.75,102469300,76631805,-0.01,-0.6640,0.7479
512660.SH,国泰中证军工ETF,2019-11-08,0.75,0.75,0.75,0.74,0.74,77242813,57745967,-0.01,-0.8021,0.7476
512660.SH,国泰中证军工ETF,2019-11-11,0.74,0.74,0.74,0.72,0.72,122936700,89783247,-0.02,-2.4259,0.7303
512660.SH,国泰中证军工ETF,2019-11-12,0.72,0.72,0.72,0.71,0.72,79151050,56909714,0.00,0.0000,0.7190
512660.SH,国泰中证军工ETF,2019-11-13,0.72,0.72,0.72,0.72,0.72,39583500,28513835,-0.00,-0.5525,0.7203
512660.SH,国泰中证军工ETF,2019-11-14,0.72,0.72,0.72,0.72,0.72,50435500,36357101,0.00,0.2778,0.7209
512660.SH,国泰中证军工ETF,2019-11-15,0.72,0.72,0.72,0.71,0.72,59286285,42589807,-0.01,-0.8310,0.7184
512660.SH,国泰中证军工ETF,2019-11-18,0.72,0.71,0.72,0.71,0.72,56109300,40194270,0.00,0.4190,0.7164
512660.SH,国泰中证军工ETF,2019-11-19,0.72,0.72,0.73,0.72,0.73,98986400,71919010,0.01,1.6690,0.7266
512660.SH,国泰中证军工ETF,2019-11-20,0.73,0.73,0.73,0.72,0.72,54482116,39591054,-0.01,-0.9576,0.7267
512660.SH,国泰中证军工ETF,2019-11-21,0.72,0.72,0.73,0.72,0.73,99406128,72554053,0.01,0.8287,0.7299
512660.SH,国泰中证军工ETF,2019-11-22,0.73,0.73,0.73,0.72,0.73,119560000,87201281,-0.00,-0.5479,0.7294
512660.SH,国泰中证军工ETF,2019-11-25,0.73,0.73,0.73,0.72,0.72,66335300,47811310,-0.00,-0.5510,0.7208
512660.SH,国泰中证军工ETF,2019-11-26,0.72,0.72,0.73,0.72,0.72,72845400,52701257,0.00,0.2770,0.7235
512660.SH,国泰中证军工ETF,2019-11-27,0.72,0.72,0.72,0.72,0.72,66464500,47978198,-0.00,-0.5525,0.7219
512660.SH,国泰中证军工ETF,2019-11-28,0.72,0.72,0.72,0.72,0.72,41054875,29571867,0.00,0.0000,0.7203
512660.SH,国泰中证军工ETF,2019-11-29,0.72,0.72,0.73,0.72,0.72,61966516,44706751,0.01,0.6944,0.7215
512660.SH,国泰中证军工ETF,2019-12-02,0.72,0.72,0.73,0.72,0.72,46689600,33861136,0.00,0.0000,0.7252
512660.SH,国泰中证军工ETF,2019-12-03,0.72,0.72,0.73,0.72,0.73,60486000,43868056,0.01,0.6897,0.7253
512660.SH,国泰中证军工ETF,2019-12-04,0.73,0.73,0.74,0.73,0.73,195030700,143105198,0.01,0.6849,0.7338
512660.SH,国泰中证军工ETF,2019-12-05,0.73,0.74,0.75,0.74,0.74,115229504,85430128,0.01,1.3605,0.7414
512660.SH,国泰中证军工ETF,2019-12-06,0.74,0.74,0.74,0.74,0.74,63657162,47255030,0.00,0.0000,0.7423
512660.SH,国泰中证军工ETF,2019-12-09,0.74,0.74,0.75,0.74,0.74,48753805,36249502,-0.00,-0.2685,0.7435
512660.SH,国泰中证军工ETF,2019-12-10,0.74,0.74,0.74,0.74,0.74,60615098,44772016,-0.00,-0.2692,0.7386
512660.SH,国泰中证军工ETF,2019-12-11,0.74,0.74,0.74,0.74,0.74,70225000,51928800,-0.00,-0.4049,0.7395
512660.SH,国泰中证军工ETF,2019-12-12,0.74,0.74,0.74,0.74,0.74,118973300,88003725,0.00,0.2710,0.7397
512660.SH,国泰中证军工ETF,2019-12-13,0.74,0.74,0.74,0.74,0.74,168791359,125115499,0.01,0.6757,0.7412
512660.SH,国泰中证军工ETF,2019-12-16,0.74,0.74,0.76,0.74,0.76,208596711,157095261,0.01,1.7450,0.7531
512660.SH,国泰中证军工ETF,2019-12-17,0.76,0.76,0.77,0.76,0.76,221000494,168853953,0.01,0.7916,0.7640
512660.SH,国泰中证军工ETF,2019-12-18,0.76,0.77,0.78,0.76,0.76,163129300,125254796,-0.00,-0.2618,0.7678
512660.SH,国泰中证军工ETF,2019-12-19,0.76,0.77,0.77,0.76,0.77,103734600,79348552,0.00,0.5249,0.7649
512660.SH,国泰中证军工ETF,2019-12-20,0.77,0.77,0.77,0.75,0.75,125165876,95101674,-0.01,-1.5666,0.7598
512660.SH,国泰中证军工ETF,2019-12-23,0.75,0.75,0.75,0.74,0.74,123612041,92306995,-0.02,-2.1220,0.7467
512660.SH,国泰中证军工ETF,2019-12-24,0.74,0.74,0.75,0.74,0.74,85221024,63223465,0.01,0.9485,0.7419
512660.SH,国泰中证军工ETF,2019-12-25,0.74,0.74,0.75,0.74,0.75,98379324,73402073,0.00,0.1342,0.7461
512660.SH,国泰中证军工ETF,2019-12-26,0.75,0.75,0.76,0.74,0.75,121098000,90613436,0.01,1.0724,0.7483
512660.SH,国泰中证军工ETF,2019-12-27,0.75,0.75,0.76,0.75,0.75,207629700,157215434,-0.00,-0.2653,0.7572
512660.SH,国泰中证军工ETF,2019-12-30,0.75,0.75,0.76,0.74,0.76,145398500,109516384,0.01,0.7979,0.7532
512660.SH,国泰中证军工ETF,2019-12-31,0.76,0.76,0.76,0.75,0.76,122519972,92628547,0.00,0.0000,0.7560
512660.SH,国泰中证军工ETF,2020-01-02,0.76,0.76,0.77,0.76,0.77,163225797,125093807,0.01,1.7150,0.7664
512660.SH,国泰中证军工ETF,2020-01-03,0.77,0.77,0.79,0.77,0.78,366935370,286018803,0.01,1.6861,0.7795
512660.SH,国泰中证军工ETF,2020-01-06,0.78,0.80,0.80,0.79,0.79,426949248,339189703,0.01,1.1480,0.7944
512660.SH,国泰中证军工ETF,2020-01-07,0.79,0.79,0.80,0.79,0.79,187032700,147986078,0.00,0.1261,0.7912
512660.SH,国泰中证军工ETF,2020-01-08,0.79,0.80,0.81,0.80,0.81,454915800,365021486,0.01,1.3854,0.8024
512660.SH,国泰中证军工ETF,2020-01-09,0.81,0.79,0.80,0.79,0.80,297261045,235798797,-0.01,-0.8696,0.7932
512660.SH,国泰中证军工ETF,2020-01-10,0.80,0.80,0.80,0.79,0.79,138523466,109703129,-0.01,-0.8772,0.7919
512660.SH,国泰中证军工ETF,2020-01-13,0.79,0.79,0.80,0.79,0.80,138728729,110069392,0.01,1.1378,0.7934
512660.SH,国泰中证军工ETF,2020-01-14,0.80,0.80,0.80,0.79,0.79,156662295,124782758,-0.01,-0.8750,0.7965
512660.SH,国泰中证军工ETF,2020-01-15,0.79,0.79,0.79,0.78,0.79,182940842,143557029,-0.01,-0.8827,0.7847
512660.SH,国泰中证军工ETF,2020-01-16,0.79,0.79,0.80,0.79,0.80,224160995,178902668,0.01,1.2723,0.7981
512660.SH,国泰中证军工ETF,2020-01-17,0.80,0.79,0.80,0.79,0.79,109115066,86693099,-0.00,-0.5025,0.7945
512660.SH,国泰中证军工ETF,2020-01-20,0.79,0.79,0.81,0.79,0.81,155447992,124720879,0.02,1.8939,0.8023
512660.SH,国泰中证军工ETF,2020-01-21,0.81,0.81,0.81,0.80,0.80,111509000,89560419,-0.01,-0.8674,0.8032
512660.SH,国泰中证军工ETF,2020-01-22,0.80,0.80,0.81,0.79,0.80,147006790,117088581,0.00,0.3750,0.7965
512660.SH,国泰中证军工ETF,2020-01-23,0.80,0.80,0.82,0.78,0.79,210283419,168496392,-0.01,-1.6189,0.8013
512660.SH,国泰中证军工ETF,2020-02-03,0.79,0.71,0.72,0.71,0.71,156456738,111532529,-0.08,-10.0000,0.7129
512660.SH,国泰中证军工ETF,2020-02-04,0.71,0.70,0.72,0.69,0.72,121955287,87037318,0.01,1.4065,0.7137
512660.SH,国泰中证军工ETF,2020-02-05,0.72,0.72,0.75,0.72,0.74,165283899,121699754,0.02,2.4965,0.7363
512660.SH,国泰中证军工ETF,2020-02-06,0.74,0.74,0.77,0.74,0.77,167727701,126808837,0.03,3.7889,0.7560
512660.SH,国泰中证军工ETF,2020-02-07,0.77,0.77,0.79,0.77,0.78,177387319,137959096,0.02,2.2164,0.7777
512660.SH,国泰中证军工ETF,2020-02-10,0.78,0.79,0.80,0.78,0.79,116781359,91970524,0.01,0.6378,0.7875
512660.SH,国泰中证军工ETF,2020-02-11,0.79,0.79,0.79,0.78,0.78,118630500,92956992,-0.01,-0.8872,0.7836
512660.SH,国泰中证军工ETF,2020-02-12,0.78,0.78,0.80,0.78,0.80,110270907,87142279,0.02,2.0460,0.7903
512660.SH,国泰中证军工ETF,2020-02-13,0.80,0.80,0.80,0.79,0.79,109316700,86638734,-0.01,-0.8772,0.7925
512660.SH,国泰中证军工ETF,2020-02-14,0.79,0.79,0.80,0.79,0.79,113085453,89597808,0.00,0.1264,0.7923
512660.SH,国泰中证军工ETF,2020-02-17,0.79,0.80,0.85,0.80,0.85,310862943,257930233,0.06,7.1970,0.8297
512660.SH,国泰中证军工ETF,2020-02-18,0.85,0.86,0.88,0.86,0.87,288041416,249223519,0.03,2.9446,0.8652
512660.SH,国泰中证军工ETF,2020-02-19,0.87,0.86,0.88,0.82,0.86,270701675,234346318,-0.02,-2.0595,0.8657
512660.SH,国泰中证军工ETF,2020-02-20,0.86,0.85,0.86,0.84,0.86,142689316,122052326,0.01,1.0514,0.8554
512660.SH,国泰中证军工ETF,2020-02-21,0.86,0.86,0.90,0.86,0.89,190017338,167564281,0.03,2.8902,0.8818
512660.SH,国泰中证军工ETF,2020-02-24,0.89,0.89,0.90,0.88,0.90,179860551,160520075,0.01,0.7865,0.8925
512660.SH,国泰中证军工ETF,2020-02-25,0.90,0.88,0.90,0.85,0.90,191974882,168756472,-0.00,-0.1115,0.8791
512660.SH,国泰中证军工ETF,2020-02-26,0.90,0.88,0.91,0.87,0.88,197135531,176575018,-0.02,-1.8973,0.8957
512660.SH,国泰中证军工ETF,2020-02-27,0.88,0.88,0.89,0.85,0.87,169404451,147781879,-0.01,-0.9101,0.8724
512660.SH,国泰中证军工ETF,2020-02-28,0.87,0.84,0.85,0.82,0.82,117311363,98214328,-0.05,-5.7405,0.8372
512660.SH,国泰中证军工ETF,2020-03-02,0.82,0.83,0.86,0.83,0.85,142020033,120078822,0.03,3.8977,0.8455
512660.SH,国泰中证军工ETF,2020-03-03,0.85,0.86,0.90,0.86,0.87,165986804,146184697,0.02,2.2274,0.8807
512660.SH,国泰中证军工ETF,2020-03-04,0.87,0.86,0.88,0.85,0.87,158946325,138470408,0.00,0.0000,0.8712
512660.SH,国泰中证军工ETF,2020-03-05,0.87,0.88,0.89,0.87,0.88,114801800,100551529,0.01,0.5734,0.8759
512660.SH,国泰中证军工ETF,2020-03-06,0.88,0.87,0.88,0.86,0.87,81873493,71224621,-0.01,-0.6842,0.8699
512660.SH,国泰中证军工ETF,2020-03-09,0.87,0.86,0.86,0.82,0.83,107076700,90271719,-0.04,-5.0517,0.8431
512660.SH,国泰中证军工ETF,2020-03-10,0.83,0.82,0.87,0.82,0.87,134438301,113456252,0.04,4.7158,0.8439
512660.SH,国泰中证军工ETF,2020-03-11,0.87,0.87,0.90,0.86,0.87,195958248,172706217,0.00,0.0000,0.8813
512660.SH,国泰中证军工ETF,2020-03-12,0.87,0.85,0.86,0.83,0.84,117118447,99183397,-0.02,-2.6559,0.8469
512660.SH,国泰中证军工ETF,2020-03-13,0.84,0.81,0.86,0.80,0.84,132890800,110047134,0.00,0.0000,0.8281
512660.SH,国泰中证军工ETF,2020-03-16,0.84,0.85,0.85,0.79,0.80,138284000,113772985,-0.05,-5.6940,0.8227
512660.SH,国泰中证军工ETF,2020-03-17,0.80,0.80,0.81,0.77,0.80,103589500,81938412,0.00,0.0000,0.7910
512660.SH,国泰中证军工ETF,2020-03-18,0.80,0.80,0.81,0.77,0.77,96416000,76973930,-0.02,-2.6415,0.7984
512660.SH,国泰中证军工ETF,2020-03-19,0.77,0.78,0.79,0.77,0.79,100603400,78499892,0.01,1.6796,0.7803
512660.SH,国泰中证军工ETF,2020-03-20,0.79,0.79,0.80,0.78,0.79,81475900,64389717,0.01,0.6353,0.7903
512660.SH,国泰中证军工ETF,2020-03-23,0.79,0.77,0.77,0.75,0.75,141725834,108025609,-0.04,-5.0505,0.7622
512660.SH,国泰中证军工ETF,2020-03-24,0.75,0.77,0.77,0.74,0.77,73098524,55653900,0.01,1.7287,0.7614
512660.SH,国泰中证军工ETF,2020-03-25,0.77,0.78,0.78,0.77,0.78,82716200,64257451,0.01,1.4379,0.7768
512660.SH,国泰中证军工ETF,2020-03-26,0.78,0.77,0.78,0.77,0.77,76073600,58531911,-0.01,-1.2887,0.7694
512660.SH,国泰中证军工ETF,2020-03-27,0.77,0.77,0.78,0.77,0.77,126222800,97532541,0.00,0.0000,0.7727
512660.SH,国泰中证军工ETF,2020-03-30,0.77,0.75,0.77,0.74,0.76,191506147,143998582,-0.01,-0.7833,0.7519
512660.SH,国泰中证军工ETF,2020-03-31,0.76,0.76,0.76,0.75,0.75,67807372,51274760,-0.01,-1.4474,0.7562
512660.SH,国泰中证军工ETF,2020-04-01,0.75,0.75,0.76,0.74,0.75,57621072,43295764,-0.00,-0.2670,0.7514
512660.SH,国泰中证军工ETF,2020-04-02,0.75,0.74,0.77,0.74,0.77,88764500,66935696,0.02,2.6774,0.7541
512660.SH,国泰中证军工ETF,2020-04-03,0.77,0.77,0.77,0.75,0.76,49349400,37543411,-0.01,-0.9126,0.7608
512660.SH,国泰中证军工ETF,2020-04-07,0.76,0.78,0.79,0.77,0.79,160862592,126621356,0.03,4.3421,0.7871
512660.SH,国泰中证军工ETF,2020-04-08,0.79,0.78,0.81,0.78,0.80,198227311,158237712,0.01,1.3871,0.7983
512660.SH,国泰中证军工ETF,2020-04-09,0.80,0.81,0.81,0.80,0.80,135873500,109456416,-0.00,-0.1244,0.8056
512660.SH,国泰中证军工ETF,2020-04-10,0.80,0.80,0.80,0.79,0.79,143086842,113829414,-0.01,-1.6189,0.7955
512660.SH,国泰中证军工ETF,2020-04-13,0.79,0.79,0.79,0.78,0.79,98554111,77303573,-0.00,-0.1266,0.7844
512660.SH,国泰中证军工ETF,2020-04-14,0.79,0.79,0.80,0.79,0.80,88767960,70318717,0.01,1.0139,0.7922
512660.SH,国泰中证军工ETF,2020-04-15,0.80,0.80,0.80,0.79,0.79,94582700,75182306,-0.01,-1.1292,0.7949
512660.SH,国泰中证军工ETF,2020-04-16,0.79,0.78,0.80,0.78,0.80,123588955,98346290,0.01,1.3959,0.7958
512660.SH,国泰中证军工ETF,2020-04-17,0.80,0.80,0.81,0.80,0.80,119193000,95608389,-0.00,-0.2503,0.8021
512660.SH,国泰中证军工ETF,2020-04-20,0.80,0.80,0.81,0.80,0.81,177459300,142994924,0.02,1.8821,0.8058
512660.SH,国泰中证军工ETF,2020-04-21,0.81,0.81,0.82,0.81,0.81,165666100,134439256,0.00,0.0000,0.8115
512660.SH,国泰中证军工ETF,2020-04-22,0.81,0.80,0.81,0.80,0.81,121239158,98094294,-0.00,-0.1232,0.8091
512660.SH,国泰中证军工ETF,2020-04-23,0.81,0.81,0.83,0.81,0.82,242975090,199175372,0.01,1.2330,0.8197
512660.SH,国泰中证军工ETF,2020-04-24,0.82,0.82,0.82,0.79,0.81,177012224,142675809,-0.02,-1.9488,0.8060

数据来源: Wind
